TIME	SYMBOL	A_CONTEXT	ENERGY	PERSISTENCE	P_EQ	OMEGA	FATIGUE	SI	BD	SL	TOPOLOGY	CORE_REGIME	CORE_VEL	CORE_ENG	CORE_M	CORE_TFAT	CORE_PERS
2026.06.13 11:36	BTCUSDm	-0.1505	0.4624	0.6738	5.7806	0.0120	0.0182	0.0000	0.00	0	UNKNOWN	INITIALIZING	0.9782	0.5781	0.0084	0.0146	2
2026.06.13 11:37	BTCUSDm	-0.1513	0.4622	0.9801	5.7780	0.0229	0.0269	0.0000	0.00	0	UNKNOWN	INITIALIZING	0.9837	0.5778	0.0160	0.0216	2
2026.06.13 11:38	BTCUSDm	0.0492	0.5123	1.3055	6.4037	0.0354	0.0364	0.0000	0.00	0	UNKNOWN	INITIALIZING	0.3198	0.6404	0.0248	0.0291	3
2026.06.13 11:39	BTCUSDm	-0.1299	0.4676	1.5778	5.8448	0.0514	0.0446	0.0000	0.00	0	UNKNOWN	INITIALIZING	0.8441	0.5845	0.0360	0.0357	4
2026.06.13 11:40	BTCUSDm	-0.1507	0.4624	1.8300	5.7801	0.0695	0.0526	0.0000	0.00	0	UNKNOWN	INITIALIZING	0.9792	0.5780	0.0486	0.0420	5
2026.06.13 11:41	BTCUSDm	-0.1170	0.4708	2.0733	5.8847	0.0886	0.0604	0.0000	0.00	0	UNKNOWN	INITIALIZING	0.7607	0.5885	0.0620	0.0483	5
2026.06.13 11:42	BTCUSDm	-0.1430	0.4643	2.2971	5.8040	0.1092	0.0679	0.0000	0.00	0	UNKNOWN	INITIALIZING	0.9293	0.5804	0.0765	0.0543	6
2026.06.13 11:43	BTCUSDm	-0.1456	0.4637	2.5070	5.7959	0.1308	0.0751	0.0000	0.00	0	UNKNOWN	INITIALIZING	0.9462	0.5796	0.0916	0.0601	6
2026.06.13 11:44	BTCUSDm	-0.0591	0.4852	2.7205	6.0655	0.1518	0.0826	0.0000	0.00	0	UNKNOWN	INITIALIZING	0.3840	0.6065	0.1063	0.0660	7
2026.06.13 11:45	BTCUSDm	-0.1104	0.4724	2.9116	5.9054	0.1743	0.0895	0.0000	0.00	0	UNKNOWN	INITIALIZING	0.7175	0.5905	0.1220	0.0716	7
2026.06.13 11:46	BTCUSDm	-0.1515	0.4622	3.0836	5.7775	0.1978	0.0961	0.0000	0.00	0	UNKNOWN	INITIALIZING	0.9847	0.5777	0.1385	0.0769	8
2026.06.13 11:47	BTCUSDm	-0.1232	0.4692	3.2505	5.8655	0.2209	0.1026	0.0000	0.00	0	UNKNOWN	INITIALIZING	0.8009	0.5865	0.1546	0.0821	8
2026.06.13 11:48	BTCUSDm	-0.0059	0.4985	3.4294	6.2317	0.2419	0.1095	0.0000	0.00	0	UNKNOWN	INITIALIZING	0.0381	0.6232	0.1694	0.0876	9
2026.06.13 11:49	BTCUSDm	-0.1575	0.4607	3.5691	5.7589	0.2661	0.1154	0.0000	0.00	0	UNKNOWN	INITIALIZING	1.0237	0.5759	0.1863	0.0923	9
2026.06.13 11:50	BTCUSDm	-0.1476	0.4632	3.7024	5.7897	0.2898	0.1212	0.0000	0.00	0	UNKNOWN	INITIALIZING	0.9592	0.5790	0.2028	0.0970	9
2026.06.13 11:51	BTCUSDm	-0.1554	0.4612	3.8261	5.7653	0.3132	0.1268	0.0000	0.00	0	UNKNOWN	INITIALIZING	1.0103	0.5765	0.2193	0.1014	10
2026.06.13 11:52	BTCUSDm	-0.0064	0.4984	3.9704	6.2300	0.3331	0.1330	0.0000	0.00	0	UNKNOWN	INITIALIZING	0.0416	0.6230	0.2332	0.1064	10
2026.06.13 11:53	BTCUSDm	-0.1427	0.4644	4.0804	5.8050	0.3559	0.1383	0.0000	0.00	0	UNKNOWN	INITIALIZING	0.9272	0.5805	0.2491	0.1106	10
2026.06.13 11:54	BTCUSDm	-0.1280	0.4680	4.1866	5.8504	0.3778	0.1435	0.0000	0.00	0	UNKNOWN	INITIALIZING	0.8322	0.5850	0.2645	0.1148	10
2026.06.13 11:55	BTCUSDm	-0.1637	0.4592	4.2798	5.7395	0.4001	0.1484	0.0000	0.00	0	UNKNOWN	INITIALIZING	1.0642	0.5739	0.2801	0.1187	11
2026.06.13 11:56	BTCUSDm	-0.1560	0.4611	4.3688	5.7636	0.4215	0.1531	0.0000	0.00	0	UNKNOWN	INITIALIZING	1.0138	0.5764	0.2950	0.1225	11
2026.06.13 11:57	BTCUSDm	-0.1382	0.4655	4.4558	5.8188	0.4417	0.1578	0.0000	0.00	0	UNKNOWN	INITIALIZING	0.8983	0.5819	0.3092	0.1263	11
2026.06.13 11:58	BTCUSDm	-0.1497	0.4626	4.5355	5.7831	0.4616	0.1624	0.0000	0.00	0	UNKNOWN	INITIALIZING	0.9730	0.5783	0.3232	0.1299	11
2026.06.13 11:59	BTCUSDm	-0.0397	0.4901	4.6309	6.1260	0.4781	0.1673	0.0000	0.00	0	UNKNOWN	INITIALIZING	0.2580	0.6126	0.3347	0.1338	12
2026.06.13 12:00	BTCUSDm	-0.1217	0.4696	4.7053	5.8700	0.4964	0.1717	0.0000	0.00	0	UNKNOWN	INITIALIZING	0.7914	0.5870	0.3475	0.1373	12
2026.06.13 12:01	BTCUSDm	2.0728	0.8882	5.0891	11.1029	0.4901	0.1843	0.0000	0.00	0	UNKNOWN	INITIALIZING	13.4734	1.1103	0.3431	0.1474	13
2026.06.13 12:02	BTCUSDm	-0.1698	0.4576	5.1270	5.7206	0.5141	0.1879	0.0000	0.00	0	UNKNOWN	INITIALIZING	1.1038	0.5721	0.3599	0.1503	13
2026.06.13 12:03	BTCUSDm	0.3827	0.5945	5.2653	7.4315	0.5235	0.1942	0.0000	0.00	0	UNKNOWN	INITIALIZING	2.4874	0.7431	0.3664	0.1553	13
2026.06.13 12:04	BTCUSDm	-0.1696	0.4577	5.2926	5.7211	0.5469	0.1975	0.0000	0.00	0	UNKNOWN	INITIALIZING	1.1027	0.5721	0.3828	0.1580	13
2026.06.13 12:05	BTCUSDm	1.0973	0.7498	5.5374	9.3720	0.5458	0.2066	0.0000	0.00	0	UNKNOWN	INITIALIZING	7.1327	0.9372	0.3820	0.1652	14
2026.06.13 12:06	BTCUSDm	0.0077	0.5019	5.5816	6.2740	0.5651	0.2104	0.0000	0.00	0	UNKNOWN	INITIALIZING	0.0499	0.6274	0.3956	0.1683	14
2026.06.13 12:07	BTCUSDm	-0.1836	0.4542	5.5874	5.6779	0.5894	0.2132	0.0000	0.00	0	UNKNOWN	INITIALIZING	1.1933	0.5678	0.4126	0.1705	14
2026.06.13 12:08	BTCUSDm	0.0709	0.5177	5.6404	6.4715	0.6041	0.2171	0.0000	0.00	0	UNKNOWN	INITIALIZING	0.4609	0.6471	0.4229	0.1737	14
2026.06.13 12:09	BTCUSDm	-0.1007	0.4749	5.6581	5.9357	0.6232	0.2201	0.0000	0.00	0	UNKNOWN	INITIALIZING	0.6543	0.5936	0.4363	0.1761	14
2026.06.13 12:10	BTCUSDm	-0.0608	0.4848	5.6822	6.0600	0.6398	0.2232	0.0000	0.00	0	UNKNOWN	INITIALIZING	0.3953	0.6060	0.4479	0.1786	14
2026.06.13 12:11	BTCUSDm	-0.1683	0.4580	5.6848	5.7252	0.6589	0.2257	0.0000	0.00	0	UNKNOWN	INITIALIZING	1.0942	0.5725	0.4612	0.1805	14
2026.06.13 12:12	BTCUSDm	-0.1725	0.4570	5.6865	5.7122	0.6766	0.2280	0.0000	0.00	0	UNKNOWN	INITIALIZING	1.1214	0.5712	0.4736	0.1824	14
2026.06.13 12:13	BTCUSDm	-0.1720	0.4571	5.6881	5.7139	0.6929	0.2303	0.0000	0.00	0	UNKNOWN	INITIALIZING	1.1179	0.5714	0.4850	0.1843	14
2026.06.13 12:14	BTCUSDm	-0.1903	0.4526	5.6862	5.6570	0.7086	0.2325	0.0000	0.00	0	UNKNOWN	INITIALIZING	1.2372	0.5657	0.4960	0.1860	14
2026.06.13 12:15	BTCUSDm	-0.0392	0.4902	5.7127	6.1276	0.7182	0.2353	0.0000	0.00	0	UNKNOWN	INITIALIZING	0.2546	0.6128	0.5027	0.1882	14
2026.06.13 12:16	BTCUSDm	-0.1362	0.4660	5.7195	5.8249	0.7303	0.2376	0.0000	0.00	0	UNKNOWN	INITIALIZING	0.8856	0.5825	0.5112	0.1901	14
2026.06.13 12:17	BTCUSDm	-0.1998	0.4502	5.7140	5.6278	0.7438	0.2394	0.0000	0.00	0	UNKNOWN	INITIALIZING	1.2985	0.5628	0.5207	0.1916	14
2026.06.13 12:18	BTCUSDm	2.0053	0.8813	6.0321	11.0169	0.7245	0.2499	0.0000	0.00	0	UNKNOWN	INITIALIZING	13.0342	1.1017	0.5072	0.1999	15
2026.06.13 12:19	BTCUSDm	-0.0932	0.4767	6.0277	5.9589	0.7384	0.2519	0.0000	0.00	0	UNKNOWN	INITIALIZING	0.6060	0.5959	0.5169	0.2015	15
2026.06.13 12:20	BTCUSDm	-0.0836	0.4791	6.0254	5.9888	0.7508	0.2540	0.0000	0.00	0	UNKNOWN	INITIALIZING	0.5435	0.5989	0.5255	0.2032	15
2026.06.13 12:21	BTCUSDm	-0.1172	0.4707	6.0169	5.8842	0.7633	0.2557	0.0000	0.00	0	UNKNOWN	INITIALIZING	0.7617	0.5884	0.5343	0.2046	15
2026.06.13 12:22	BTCUSDm	-0.1984	0.4506	5.9938	5.6320	0.7777	0.2571	0.0000	0.00	0	UNKNOWN	INITIALIZING	1.2896	0.5632	0.5444	0.2057	15
2026.06.13 12:23	BTCUSDm	-0.2142	0.4466	5.9692	5.5831	0.7913	0.2583	0.0000	0.00	0	UNKNOWN	INITIALIZING	1.3924	0.5583	0.5539	0.2066	15
2026.06.13 12:24	BTCUSDm	-0.1993	0.4503	5.9488	5.6292	0.8030	0.2596	0.0000	0.00	0	UNKNOWN	INITIALIZING	1.2956	0.5629	0.5621	0.2077	15
2026.06.13 12:25	BTCUSDm	-0.2246	0.4441	5.9249	5.5512	0.8144	0.2607	0.0000	0.00	0	UNKNOWN	INITIALIZING	1.4596	0.5551	0.5701	0.2085	15
2026.06.13 12:26	BTCUSDm	-0.1847	0.4540	5.9099	5.6746	0.8232	0.2619	0.0000	0.00	0	UNKNOWN	INITIALIZING	1.2002	0.5675	0.5763	0.2095	15
2026.06.13 12:27	BTCUSDm	-0.2094	0.4478	5.8912	5.5981	0.8321	0.2630	0.0000	0.00	0	UNKNOWN	INITIALIZING	1.3609	0.5598	0.5825	0.2104	15
2026.06.13 12:28	BTCUSDm	-0.1065	0.4734	5.8928	5.9176	0.8364	0.2646	0.0000	0.00	0	UNKNOWN	INITIALIZING	0.6920	0.5918	0.5855	0.2117	15
2026.06.13 12:29	BTCUSDm	-0.2047	0.4490	5.8760	5.6124	0.8439	0.2656	0.0000	0.00	0	UNKNOWN	INITIALIZING	1.3308	0.5612	0.5907	0.2125	15
2026.06.13 12:30	BTCUSDm	-0.1589	0.4604	5.8687	5.7544	0.8489	0.2669	0.0000	0.00	0	UNKNOWN	INITIALIZING	1.0330	0.5754	0.5942	0.2135	15
2026.06.13 12:31	BTCUSDm	-0.3099	0.4231	5.8339	5.2891	0.8592	0.2673	0.0000	0.00	0	UNKNOWN	INITIALIZING	2.0146	0.5289	0.6014	0.2139	15
2026.06.13 12:32	BTCUSDm	0.1084	0.5271	5.8792	6.5885	0.8544	0.2699	0.0000	0.00	0	UNKNOWN	INITIALIZING	0.7048	0.6589	0.5981	0.2159	15
2026.06.13 12:33	BTCUSDm	-0.2403	0.4402	5.8566	5.5027	0.8617	0.2706	0.0000	0.00	0	UNKNOWN	INITIALIZING	1.5618	0.5503	0.6032	0.2165	15
2026.06.13 12:34	BTCUSDm	-0.3149	0.4219	5.8216	5.2739	0.8710	0.2709	0.0000	0.00	0	UNKNOWN	INITIALIZING	2.0470	0.5274	0.6097	0.2167	15
2026.06.13 12:35	BTCUSDm	-0.2314	0.4424	5.8041	5.5300	0.8760	0.2716	0.0000	0.00	0	UNKNOWN	INITIALIZING	1.5044	0.5530	0.6132	0.2173	15
2026.06.13 12:36	BTCUSDm	1.0957	0.7495	6.0180	9.3682	0.8529	0.2784	0.0000	0.00	0	UNKNOWN	INITIALIZING	7.1220	0.9368	0.5971	0.2228	15
2026.06.13 12:37	BTCUSDm	-0.1481	0.4630	6.0042	5.7880	0.8586	0.2794	0.0000	0.00	0	UNKNOWN	INITIALIZING	0.9628	0.5788	0.6010	0.2235	15
2026.06.13 12:38	BTCUSDm	-0.2622	0.4348	5.9700	5.4354	0.8679	0.2797	0.0000	0.00	0	UNKNOWN	INITIALIZING	1.7041	0.5435	0.6076	0.2237	15
2026.06.13 12:39	BTCUSDm	-0.2078	0.4482	5.9480	5.6029	0.8741	0.2802	0.0000	0.00	0	UNKNOWN	INITIALIZING	1.3508	0.5603	0.6118	0.2242	15
2026.06.13 12:40	BTCUSDm	-0.3032	0.4248	5.9097	5.3098	0.8832	0.2803	0.0000	0.00	0	UNKNOWN	INITIALIZING	1.9706	0.5310	0.6182	0.2243	15
2026.06.13 12:41	BTCUSDm	-0.2310	0.4425	5.8870	5.5314	0.8883	0.2808	0.0000	0.00	0	UNKNOWN	INITIALIZING	1.5012	0.5531	0.6218	0.2246	15
2026.06.13 12:42	BTCUSDm	9.8231	0.9999	6.2838	12.4993	0.8549	0.2923	0.0000	0.00	0	UNKNOWN	INITIALIZING	63.8501	1.2499	0.5984	0.2339	16
2026.06.13 12:43	BTCUSDm	-0.1474	0.4632	6.2541	5.7901	0.8635	0.2928	0.0000	0.00	0	UNKNOWN	INITIALIZING	0.9583	0.5790	0.6044	0.2343	16
2026.06.13 12:44	BTCUSDm	0.0078	0.5019	6.2554	6.2743	0.8657	0.2941	0.0000	0.00	0	UNKNOWN	INITIALIZING	0.0506	0.6274	0.6060	0.2353	16
2026.06.13 12:45	BTCUSDm	-0.1568	0.4609	6.2257	5.7611	0.8735	0.2945	0.0000	0.00	0	UNKNOWN	INITIALIZING	1.0190	0.5761	0.6114	0.2356	16
2026.06.13 12:46	BTCUSDm	-0.1520	0.4621	6.1987	5.7760	0.8801	0.2949	0.0000	0.00	0	UNKNOWN	INITIALIZING	0.9878	0.5776	0.6161	0.2359	15
2026.06.13 12:47	BTCUSDm	-0.1522	0.4620	6.1733	5.7754	0.8859	0.2953	0.0000	0.00	0	UNKNOWN	INITIALIZING	0.9891	0.5775	0.6201	0.2362	15
2026.06.13 12:48	BTCUSDm	0.0385	0.5096	6.1851	6.3704	0.8846	0.2966	0.0000	0.00	0	UNKNOWN	INITIALIZING	0.2505	0.6370	0.6192	0.2373	15
2026.06.13 12:49	BTCUSDm	-0.1411	0.4648	6.1626	5.8099	0.8896	0.2970	0.0000	0.00	0	UNKNOWN	INITIALIZING	0.9168	0.5810	0.6227	0.2376	15
2026.06.13 12:50	BTCUSDm	-0.1300	0.4675	6.1435	5.8442	0.8934	0.2975	0.0000	0.00	0	UNKNOWN	INITIALIZING	0.8453	0.5844	0.6254	0.2380	15
2026.06.13 12:51	BTCUSDm	-0.1512	0.4623	6.1216	5.7784	0.8976	0.2978	0.0000	0.00	0	UNKNOWN	INITIALIZING	0.9829	0.5778	0.6283	0.2382	15
2026.06.13 12:52	BTCUSDm	-0.1534	0.4617	6.1006	5.7715	0.9012	0.2981	0.0000	0.00	0	UNKNOWN	INITIALIZING	0.9971	0.5772	0.6309	0.2385	15
2026.06.13 12:53	BTCUSDm	-0.0468	0.4883	6.1008	6.1037	0.9007	0.2989	0.0000	0.00	0	UNKNOWN	INITIALIZING	0.3044	0.6104	0.6305	0.2391	15
2026.06.13 12:54	BTCUSDm	-0.1507	0.4624	6.0815	5.7800	0.9038	0.2992	0.0000	0.00	0	UNKNOWN	INITIALIZING	0.9794	0.5780	0.6326	0.2394	15
2026.06.13 12:55	BTCUSDm	-0.1551	0.4613	6.0626	5.7662	0.9065	0.2994	0.0000	0.00	0	UNKNOWN	INITIALIZING	1.0083	0.5766	0.6346	0.2396	15
2026.06.13 12:56	BTCUSDm	-0.1500	0.4626	6.0458	5.7821	0.9087	0.2997	0.0000	0.00	0	UNKNOWN	INITIALIZING	0.9750	0.5782	0.6361	0.2398	15
2026.06.13 12:57	BTCUSDm	-0.1565	0.4609	6.0288	5.7618	0.9108	0.2999	0.0000	0.00	0	UNKNOWN	INITIALIZING	1.0175	0.5762	0.6375	0.2399	15
2026.06.13 12:58	BTCUSDm	-0.0826	0.4794	6.0265	5.9919	0.9099	0.3005	0.0000	0.00	0	UNKNOWN	INITIALIZING	0.5371	0.5992	0.6369	0.2404	15
2026.06.13 12:59	BTCUSDm	-0.1536	0.4617	6.0112	5.7710	0.9116	0.3007	0.0000	0.00	0	UNKNOWN	INITIALIZING	0.9982	0.5771	0.6381	0.2406	15
2026.06.13 13:00	BTCUSDm	-0.1437	0.4641	5.9986	5.8018	0.9125	0.3010	0.0000	0.00	0	UNKNOWN	INITIALIZING	0.9340	0.5802	0.6388	0.2408	15
2026.06.13 13:01	BTCUSDm	2.4543	0.9209	6.3294	11.5109	0.8807	0.3104	0.0000	0.00	0	UNKNOWN	INITIALIZING	15.9528	1.1511	0.6165	0.2483	16
2026.06.13 13:02	BTCUSDm	-0.1705	0.4575	6.2927	5.7186	0.8888	0.3102	0.0000	0.00	0	UNKNOWN	INITIALIZING	1.1079	0.5719	0.6221	0.2482	16
2026.06.13 13:03	BTCUSDm	-0.1759	0.4561	6.2573	5.7018	0.8960	0.3100	0.0000	0.00	0	UNKNOWN	INITIALIZING	1.1432	0.5702	0.6272	0.2480	16
2026.06.13 13:04	BTCUSDm	-0.1696	0.4577	6.2251	5.7212	0.9020	0.3099	0.0000	0.00	0	UNKNOWN	INITIALIZING	1.1026	0.5721	0.6314	0.2479	16
2026.06.13 13:05	BTCUSDm	-0.1651	0.4588	6.1957	5.7352	0.9070	0.3098	0.0000	0.00	0	UNKNOWN	INITIALIZING	1.0732	0.5735	0.6349	0.2478	15
2026.06.13 13:06	BTCUSDm	-0.1754	0.4563	6.1662	5.7032	0.9117	0.3096	0.0000	0.00	0	UNKNOWN	INITIALIZING	1.1403	0.5703	0.6382	0.2477	15
2026.06.13 13:07	BTCUSDm	-0.1669	0.4584	6.1400	5.7297	0.9154	0.3095	0.0000	0.00	0	UNKNOWN	INITIALIZING	1.0848	0.5730	0.6407	0.2476	15
2026.06.13 13:08	BTCUSDm	-0.1775	0.4557	6.1134	5.6966	0.9188	0.3093	0.0000	0.00	0	UNKNOWN	INITIALIZING	1.1540	0.5697	0.6432	0.2475	15
2026.06.13 13:09	BTCUSDm	-0.1740	0.4566	6.0890	5.7077	0.9216	0.3092	0.0000	0.00	0	UNKNOWN	INITIALIZING	1.1308	0.5708	0.6451	0.2473	15
2026.06.13 13:10	BTCUSDm	-0.1158	0.4711	6.0770	5.8885	0.9217	0.3093	0.0000	0.00	0	UNKNOWN	INITIALIZING	0.7527	0.5889	0.6452	0.2475	15
2026.06.13 13:11	BTCUSDm	-0.1778	0.4557	6.0541	5.6960	0.9240	0.3092	0.0000	0.00	0	UNKNOWN	INITIALIZING	1.1554	0.5696	0.6468	0.2473	15
2026.06.13 13:12	BTCUSDm	-0.1760	0.4561	6.0330	5.7016	0.9257	0.3090	0.0000	0.00	0	UNKNOWN	INITIALIZING	1.1437	0.5702	0.6480	0.2472	15
2026.06.13 13:13	BTCUSDm	-0.1764	0.4560	6.0130	5.7001	0.9271	0.3088	0.0000	0.00	0	UNKNOWN	INITIALIZING	1.1467	0.5700	0.6490	0.2471	15
2026.06.13 13:14	BTCUSDm	-0.1717	0.4572	5.9951	5.7147	0.9280	0.3087	0.0000	0.00	0	UNKNOWN	INITIALIZING	1.1162	0.5715	0.6496	0.2470	15
2026.06.13 13:15	BTCUSDm	-0.1736	0.4567	5.9780	5.7090	0.9286	0.3086	0.0000	0.00	0	UNKNOWN	INITIALIZING	1.1281	0.5709	0.6500	0.2469	15
2026.06.13 13:16	BTCUSDm	-0.1618	0.4596	5.9640	5.7453	0.9286	0.3085	0.0000	0.00	0	UNKNOWN	INITIALIZING	1.0520	0.5745	0.6500	0.2468	15
2026.06.13 13:17	BTCUSDm	-0.1642	0.4590	5.9504	5.7379	0.9286	0.3085	0.0000	0.00	0	UNKNOWN	INITIALIZING	1.0676	0.5738	0.6500	0.2468	15
2026.06.13 13:18	BTCUSDm	-0.1680	0.4581	5.9370	5.7261	0.9285	0.3084	0.0000	0.00	0	UNKNOWN	INITIALIZING	1.0922	0.5726	0.6499	0.2467	15
2026.06.13 13:19	BTCUSDm	-0.1762	0.4561	5.9228	5.7007	0.9285	0.3082	0.0000	0.00	0	UNKNOWN	INITIALIZING	1.1454	0.5701	0.6500	0.2466	15
2026.06.13 13:20	BTCUSDm	-0.1708	0.4574	5.9105	5.7175	0.9283	0.3081	0.0000	0.00	0	UNKNOWN	INITIALIZING	1.1102	0.5718	0.6498	0.2465	15
2026.06.13 13:21	BTCUSDm	-0.1697	0.4577	5.8991	5.7209	0.9278	0.3080	0.0000	0.00	0	UNKNOWN	INITIALIZING	1.1032	0.5721	0.6495	0.2464	15
2026.06.13 13:22	BTCUSDm	-0.1645	0.4590	5.8894	5.7369	0.9271	0.3080	0.0000	0.00	0	UNKNOWN	INITIALIZING	1.0696	0.5737	0.6490	0.2464	15
2026.06.13 13:23	BTCUSDm	-0.1692	0.4578	5.8794	5.7226	0.9265	0.3079	0.0000	0.00	0	UNKNOWN	INITIALIZING	1.0996	0.5723	0.6485	0.2463	15
2026.06.13 13:24	BTCUSDm	-0.1689	0.4579	5.8700	5.7236	0.9258	0.3078	0.0000	0.00	0	UNKNOWN	INITIALIZING	1.0976	0.5724	0.6481	0.2463	15
2026.06.13 13:25	BTCUSDm	-0.1702	0.4575	5.8610	5.7193	0.9251	0.3077	0.0000	0.00	0	UNKNOWN	INITIALIZING	1.1066	0.5719	0.6476	0.2462	15
2026.06.13 13:26	BTCUSDm	-0.1482	0.4630	5.8566	5.7876	0.9236	0.3078	0.0000	0.00	0	UNKNOWN	INITIALIZING	0.9635	0.5788	0.6465	0.2462	15
2026.06.13 13:27	BTCUSDm	-0.1575	0.4607	5.8507	5.7587	0.9225	0.3077	0.0000	0.00	0	UNKNOWN	INITIALIZING	1.0241	0.5759	0.6457	0.2462	15
2026.06.13 13:28	BTCUSDm	0.8401	0.6985	6.0235	8.7311	0.8993	0.3125	0.0000	0.00	0	UNKNOWN	INITIALIZING	5.4607	0.8731	0.6295	0.2500	15
2026.06.13 13:29	BTCUSDm	-0.1746	0.4565	6.0045	5.7059	0.9027	0.3122	0.0000	0.00	0	UNKNOWN	INITIALIZING	1.1347	0.5706	0.6319	0.2498	15
2026.06.13 13:30	BTCUSDm	-0.1775	0.4558	5.9860	5.6969	0.9057	0.3120	0.0000	0.00	0	UNKNOWN	INITIALIZING	1.1535	0.5697	0.6340	0.2496	15
2026.06.13 13:31	BTCUSDm	-0.1854	0.4538	5.9672	5.6722	0.9085	0.3117	0.0000	0.00	0	UNKNOWN	INITIALIZING	1.2053	0.5672	0.6360	0.2494	15
2026.06.13 13:32	BTCUSDm	-0.1709	0.4574	5.9522	5.7173	0.9104	0.3115	0.0000	0.00	0	UNKNOWN	INITIALIZING	1.1106	0.5717	0.6372	0.2492	15
2026.06.13 13:33	BTCUSDm	-0.1794	0.4553	5.9365	5.6908	0.9122	0.3113	0.0000	0.00	0	UNKNOWN	INITIALIZING	1.1663	0.5691	0.6385	0.2490	15
2026.06.13 13:34	BTCUSDm	-0.0644	0.4839	5.9433	6.0489	0.9098	0.3116	0.0000	0.00	0	UNKNOWN	INITIALIZING	0.4183	0.6049	0.6368	0.2493	15
2026.06.13 13:35	BTCUSDm	-0.1842	0.4541	5.9272	5.6761	0.9117	0.3113	0.0000	0.00	0	UNKNOWN	INITIALIZING	1.1970	0.5676	0.6382	0.2491	15
2026.06.13 13:36	BTCUSDm	-0.1814	0.4548	5.9127	5.6846	0.9133	0.3111	0.0000	0.00	0	UNKNOWN	INITIALIZING	1.1793	0.5685	0.6393	0.2489	15
2026.06.13 13:37	BTCUSDm	-0.1842	0.4541	5.8985	5.6759	0.9146	0.3108	0.0000	0.00	0	UNKNOWN	INITIALIZING	1.1975	0.5676	0.6402	0.2487	15
2026.06.13 13:38	BTCUSDm	-0.1795	0.4552	5.8860	5.6906	0.9155	0.3106	0.0000	0.00	0	UNKNOWN	INITIALIZING	1.1667	0.5691	0.6408	0.2485	15
2026.06.13 13:39	BTCUSDm	-0.1714	0.4572	5.8758	5.7156	0.9159	0.3104	0.0000	0.00	0	UNKNOWN	INITIALIZING	1.1143	0.5716	0.6411	0.2484	15
2026.06.13 13:40	BTCUSDm	-0.1830	0.4544	5.8640	5.6798	0.9165	0.3102	0.0000	0.00	0	UNKNOWN	INITIALIZING	1.1893	0.5680	0.6416	0.2482	15
2026.06.13 13:41	BTCUSDm	-0.1524	0.4620	5.8586	5.7747	0.9159	0.3102	0.0000	0.00	0	UNKNOWN	INITIALIZING	0.9905	0.5775	0.6411	0.2481	15
2026.06.13 13:42	BTCUSDm	-0.1436	0.4641	5.8552	5.8019	0.9150	0.3101	0.0000	0.00	0	UNKNOWN	INITIALIZING	0.9337	0.5802	0.6405	0.2481	15
2026.06.13 13:43	BTCUSDm	-0.1725	0.4570	5.8467	5.7123	0.9151	0.3100	0.0000	0.00	0	UNKNOWN	INITIALIZING	1.1211	0.5712	0.6406	0.2480	15
2026.06.13 13:44	BTCUSDm	-0.1506	0.4624	5.8427	5.7803	0.9144	0.3099	0.0000	0.00	0	UNKNOWN	INITIALIZING	0.9789	0.5780	0.6400	0.2479	15
2026.06.13 13:45	BTCUSDm	-0.1475	0.4632	5.8395	5.7898	0.9135	0.3099	0.0000	0.00	0	UNKNOWN	INITIALIZING	0.9590	0.5790	0.6395	0.2479	15
2026.06.13 13:46	BTCUSDm	-0.1639	0.4591	5.8335	5.7390	0.9133	0.3098	0.0000	0.00	0	UNKNOWN	INITIALIZING	1.0652	0.5739	0.6393	0.2478	15
2026.06.13 13:47	BTCUSDm	-0.1654	0.4588	5.8275	5.7344	0.9130	0.3096	0.0000	0.00	0	UNKNOWN	INITIALIZING	1.0749	0.5734	0.6391	0.2477	15
2026.06.13 13:48	BTCUSDm	-0.1391	0.4653	5.8268	5.8160	0.9118	0.3097	0.0000	0.00	0	UNKNOWN	INITIALIZING	0.9041	0.5816	0.6383	0.2477	15
2026.06.13 13:49	BTCUSDm	-0.1633	0.4593	5.8217	5.7409	0.9115	0.3096	0.0000	0.00	0	UNKNOWN	INITIALIZING	1.0613	0.5741	0.6381	0.2476	15
2026.06.13 13:50	BTCUSDm	-0.1548	0.4614	5.8184	5.7672	0.9109	0.3095	0.0000	0.00	0	UNKNOWN	INITIALIZING	1.0062	0.5767	0.6377	0.2476	15
2026.06.13 13:51	BTCUSDm	-0.1576	0.4607	5.8148	5.7587	0.9104	0.3094	0.0000	0.00	0	UNKNOWN	INITIALIZING	1.0241	0.5759	0.6373	0.2475	15
2026.06.13 13:52	BTCUSDm	-0.0951	0.4762	5.8231	5.9530	0.9078	0.3097	0.0000	0.00	0	UNKNOWN	INITIALIZING	0.6182	0.5953	0.6355	0.2477	15
2026.06.13 13:53	BTCUSDm	-0.1656	0.4587	5.8178	5.7338	0.9079	0.3096	0.0000	0.00	0	UNKNOWN	INITIALIZING	1.0762	0.5734	0.6355	0.2476	15
2026.06.13 13:54	BTCUSDm	-0.1339	0.4666	5.8186	5.8323	0.9068	0.3096	0.0000	0.00	0	UNKNOWN	INITIALIZING	0.8702	0.5832	0.6348	0.2477	15
2026.06.13 13:55	BTCUSDm	-0.1330	0.4668	5.8196	5.8348	0.9058	0.3096	0.0000	0.00	0	UNKNOWN	INITIALIZING	0.8648	0.5835	0.6341	0.2477	15
2026.06.13 13:56	BTCUSDm	-0.1487	0.4629	5.8176	5.7863	0.9054	0.3096	0.0000	0.00	0	UNKNOWN	INITIALIZING	0.9663	0.5786	0.6338	0.2477	15
2026.06.13 13:57	BTCUSDm	-0.1560	0.4611	5.8143	5.7633	0.9053	0.3096	0.0000	0.00	0	UNKNOWN	INITIALIZING	1.0143	0.5763	0.6337	0.2476	15
2026.06.13 13:58	BTCUSDm	-0.0652	0.4837	5.8283	6.0464	0.9022	0.3099	0.0000	0.00	0	UNKNOWN	INITIALIZING	0.4236	0.6046	0.6315	0.2480	15
2026.06.13 13:59	BTCUSDm	-0.1495	0.4627	5.8256	5.7838	0.9022	0.3099	0.0000	0.00	0	UNKNOWN	INITIALIZING	0.9715	0.5784	0.6315	0.2479	15
2026.06.13 14:00	BTCUSDm	-0.1324	0.4669	5.8263	5.8368	0.9016	0.3099	0.0000	0.00	0	UNKNOWN	INITIALIZING	0.8608	0.5837	0.6311	0.2479	15
2026.06.13 14:01	BTCUSDm	-0.1216	0.4696	5.8289	5.8706	0.9007	0.3100	0.0000	0.00	0	UNKNOWN	INITIALIZING	0.7901	0.5871	0.6305	0.2480	15
2026.06.13 14:02	BTCUSDm	-0.1508	0.4624	5.8260	5.7796	0.9009	0.3100	0.0000	0.00	0	UNKNOWN	INITIALIZING	0.9802	0.5780	0.6307	0.2480	15
2026.06.13 14:03	BTCUSDm	-0.1480	0.4631	5.8237	5.7884	0.9010	0.3099	0.0000	0.00	0	UNKNOWN	INITIALIZING	0.9619	0.5788	0.6307	0.2480	15
2026.06.13 14:04	BTCUSDm	-0.0861	0.4785	5.8332	5.9811	0.8990	0.3102	0.0000	0.00	0	UNKNOWN	INITIALIZING	0.5597	0.5981	0.6293	0.2482	15
2026.06.13 14:05	BTCUSDm	-0.1149	0.4713	5.8366	5.8912	0.8981	0.3103	0.0000	0.00	0	UNKNOWN	INITIALIZING	0.7471	0.5891	0.6287	0.2483	15
2026.06.13 14:06	BTCUSDm	-0.1451	0.4638	5.8343	5.7973	0.8984	0.3103	0.0000	0.00	0	UNKNOWN	INITIALIZING	0.9433	0.5797	0.6289	0.2482	15
2026.06.13 14:07	BTCUSDm	-0.1442	0.4640	5.8322	5.8003	0.8987	0.3103	0.0000	0.00	0	UNKNOWN	INITIALIZING	0.9370	0.5800	0.6291	0.2482	15
2026.06.13 14:08	BTCUSDm	-0.0878	0.4781	5.8409	5.9759	0.8970	0.3105	0.0000	0.00	0	UNKNOWN	INITIALIZING	0.5705	0.5976	0.6279	0.2484	15
2026.06.13 14:09	BTCUSDm	-0.1433	0.4642	5.8386	5.8030	0.8973	0.3105	0.0000	0.00	0	UNKNOWN	INITIALIZING	0.9314	0.5803	0.6281	0.2484	15
2026.06.13 14:10	BTCUSDm	-0.1535	0.4617	5.8346	5.7713	0.8980	0.3104	0.0000	0.00	0	UNKNOWN	INITIALIZING	0.9976	0.5771	0.6286	0.2483	15
2026.06.13 14:11	BTCUSDm	-0.1466	0.4634	5.8320	5.7926	0.8984	0.3104	0.0000	0.00	0	UNKNOWN	INITIALIZING	0.9531	0.5793	0.6289	0.2483	15
2026.06.13 14:12	BTCUSDm	-0.1272	0.4682	5.8333	5.8531	0.8980	0.3104	0.0000	0.00	0	UNKNOWN	INITIALIZING	0.8267	0.5853	0.6286	0.2483	15
2026.06.13 14:13	BTCUSDm	-0.1466	0.4634	5.8309	5.7928	0.8983	0.3104	0.0000	0.00	0	UNKNOWN	INITIALIZING	0.9526	0.5793	0.6288	0.2483	15
2026.06.13 14:14	BTCUSDm	-0.1365	0.4659	5.8305	5.8240	0.8983	0.3104	0.0000	0.00	0	UNKNOWN	INITIALIZING	0.8875	0.5824	0.6288	0.2483	15
2026.06.13 14:15	BTCUSDm	-0.1458	0.4636	5.8283	5.7951	0.8985	0.3103	0.0000	0.00	0	UNKNOWN	INITIALIZING	0.9479	0.5795	0.6290	0.2483	15
2026.06.13 14:16	BTCUSDm	-0.1488	0.4629	5.8258	5.7859	0.8988	0.3103	0.0000	0.00	0	UNKNOWN	INITIALIZING	0.9670	0.5786	0.6292	0.2482	15
2026.06.13 14:17	BTCUSDm	-0.1332	0.4668	5.8263	5.8344	0.8985	0.3103	0.0000	0.00	0	UNKNOWN	INITIALIZING	0.8658	0.5834	0.6290	0.2483	15
2026.06.13 14:18	BTCUSDm	-0.1410	0.4648	5.8253	5.8101	0.8986	0.3103	0.0000	0.00	0	UNKNOWN	INITIALIZING	0.9165	0.5810	0.6290	0.2482	15
2026.06.13 14:19	BTCUSDm	-0.1524	0.4620	5.8223	5.7746	0.8990	0.3102	0.0000	0.00	0	UNKNOWN	INITIALIZING	0.9907	0.5775	0.6293	0.2482	15
2026.06.13 14:20	BTCUSDm	-0.0829	0.4793	5.8324	5.9912	0.8970	0.3105	0.0000	0.00	0	UNKNOWN	INITIALIZING	0.5386	0.5991	0.6279	0.2484	15
2026.06.13 14:21	BTCUSDm	-0.1479	0.4631	5.8298	5.7886	0.8974	0.3105	0.0000	0.00	0	UNKNOWN	INITIALIZING	0.9616	0.5789	0.6282	0.2484	15
2026.06.13 14:22	BTCUSDm	-0.1593	0.4603	5.8252	5.7533	0.8982	0.3104	0.0000	0.00	0	UNKNOWN	INITIALIZING	1.0353	0.5753	0.6287	0.2483	15
2026.06.13 14:23	BTCUSDm	0.0075	0.5019	5.8521	6.2735	0.8935	0.3111	0.0000	0.00	0	UNKNOWN	INITIALIZING	0.0488	0.6273	0.6255	0.2489	15
2026.06.13 14:24	BTCUSDm	-0.1369	0.4658	5.8503	5.8227	0.8941	0.3111	0.0000	0.00	0	UNKNOWN	INITIALIZING	0.8901	0.5823	0.6259	0.2488	15
2026.06.13 14:25	BTCUSDm	-0.1620	0.4596	5.8440	5.7448	0.8955	0.3109	0.0000	0.00	0	UNKNOWN	INITIALIZING	1.0532	0.5745	0.6268	0.2487	15
2026.06.13 14:26	BTCUSDm	-0.1790	0.4554	5.8349	5.6920	0.8973	0.3107	0.0000	0.00	0	UNKNOWN	INITIALIZING	1.1638	0.5692	0.6281	0.2486	15
2026.06.13 14:27	BTCUSDm	-0.1791	0.4553	5.8263	5.6917	0.8988	0.3105	0.0000	0.00	0	UNKNOWN	INITIALIZING	1.1644	0.5692	0.6292	0.2484	15
2026.06.13 14:28	BTCUSDm	-0.1616	0.4597	5.8215	5.7460	0.8995	0.3104	0.0000	0.00	0	UNKNOWN	INITIALIZING	1.0505	0.5746	0.6297	0.2483	15
2026.06.13 14:29	BTCUSDm	-0.1308	0.4674	5.8227	5.8419	0.8991	0.3104	0.0000	0.00	0	UNKNOWN	INITIALIZING	0.8500	0.5842	0.6293	0.2483	15
2026.06.13 14:30	BTCUSDm	-0.1685	0.4580	5.8168	5.7248	0.8999	0.3102	0.0000	0.00	0	UNKNOWN	INITIALIZING	1.0950	0.5725	0.6300	0.2482	15
2026.06.13 14:31	BTCUSDm	-0.1449	0.4638	5.8157	5.7980	0.8999	0.3102	0.0000	0.00	0	UNKNOWN	INITIALIZING	0.9417	0.5798	0.6299	0.2482	15
2026.06.13 14:32	BTCUSDm	-0.1154	0.4712	5.8201	5.8897	0.8988	0.3103	0.0000	0.00	0	UNKNOWN	INITIALIZING	0.7503	0.5890	0.6292	0.2483	15
2026.06.13 14:33	BTCUSDm	-0.1268	0.4683	5.8222	5.8541	0.8983	0.3104	0.0000	0.00	0	UNKNOWN	INITIALIZING	0.8245	0.5854	0.6288	0.2483	15
2026.06.13 14:34	BTCUSDm	-0.1055	0.4737	5.8281	5.9207	0.8971	0.3106	0.0000	0.00	0	UNKNOWN	INITIALIZING	0.6856	0.5921	0.6279	0.2484	15
2026.06.13 14:35	BTCUSDm	-0.1313	0.4672	5.8288	5.8403	0.8969	0.3106	0.0000	0.00	0	UNKNOWN	INITIALIZING	0.8535	0.5840	0.6278	0.2485	15
2026.06.13 14:36	BTCUSDm	-0.1822	0.4546	5.8200	5.6822	0.8985	0.3104	0.0000	0.00	0	UNKNOWN	INITIALIZING	1.1842	0.5682	0.6290	0.2483	15
2026.06.13 14:37	BTCUSDm	-0.1091	0.4728	5.8254	5.9094	0.8974	0.3105	0.0000	0.00	0	UNKNOWN	INITIALIZING	0.7091	0.5909	0.6282	0.2484	15
2026.06.13 14:38	BTCUSDm	0.0928	0.5232	5.8682	6.5397	0.8904	0.3116	0.0000	0.00	0	UNKNOWN	INITIALIZING	0.6030	0.6540	0.6232	0.2493	15
2026.06.13 14:39	BTCUSDm	-0.1918	0.4522	5.8553	5.6524	0.8933	0.3113	0.0000	0.00	0	UNKNOWN	INITIALIZING	1.2468	0.5652	0.6253	0.2491	15
2026.06.13 14:40	BTCUSDm	-0.1344	0.4664	5.8538	5.8305	0.8938	0.3113	0.0000	0.00	0	UNKNOWN	INITIALIZING	0.8738	0.5831	0.6257	0.2491	15
2026.06.13 14:41	BTCUSDm	-0.1739	0.4566	5.8451	5.7080	0.8957	0.3111	0.0000	0.00	0	UNKNOWN	INITIALIZING	1.1301	0.5708	0.6270	0.2489	15
2026.06.13 14:42	BTCUSDm	-0.2416	0.4399	5.8243	5.4988	0.8998	0.3106	0.0000	0.00	0	UNKNOWN	INITIALIZING	1.5701	0.5499	0.6299	0.2485	15
2026.06.13 14:43	BTCUSDm	-0.1803	0.4550	5.8161	5.6879	0.9011	0.3104	0.0000	0.00	0	UNKNOWN	INITIALIZING	1.1723	0.5688	0.6307	0.2483	15
2026.06.13 14:44	BTCUSDm	-0.1512	0.4623	5.8139	5.7785	0.9011	0.3103	0.0000	0.00	0	UNKNOWN	INITIALIZING	0.9825	0.5779	0.6308	0.2482	15
2026.06.13 14:45	BTCUSDm	0.0327	0.5082	5.8462	6.3522	0.8953	0.3112	0.0000	0.00	0	UNKNOWN	INITIALIZING	0.2125	0.6352	0.6267	0.2489	15
2026.06.13 14:46	BTCUSDm	-0.2359	0.4413	5.8263	5.5161	0.8993	0.3107	0.0000	0.00	0	UNKNOWN	INITIALIZING	1.5336	0.5516	0.6295	0.2485	15
2026.06.13 14:47	BTCUSDm	-0.1748	0.4564	5.8191	5.7051	0.9004	0.3105	0.0000	0.00	0	UNKNOWN	INITIALIZING	1.1364	0.5705	0.6303	0.2484	15
2026.06.13 14:48	BTCUSDm	-0.1964	0.4510	5.8082	5.6381	0.9022	0.3102	0.0000	0.00	0	UNKNOWN	INITIALIZING	1.2769	0.5638	0.6315	0.2481	15
2026.06.13 14:49	BTCUSDm	0.3085	0.5765	5.8921	7.2065	0.8893	0.3124	0.0000	0.00	0	UNKNOWN	INITIALIZING	2.0053	0.7207	0.6225	0.2499	15
2026.06.13 14:50	BTCUSDm	9.9499	1.0000	6.2885	12.4994	0.8563	0.3230	0.0000	0.00	0	UNKNOWN	INITIALIZING	64.6742	1.2499	0.5994	0.2584	16
2026.06.13 14:51	BTCUSDm	-0.1005	0.4749	6.2674	5.9362	0.8634	0.3228	0.0000	0.00	0	UNKNOWN	INITIALIZING	0.6533	0.5936	0.6044	0.2583	16
2026.06.13 14:52	BTCUSDm	-0.1005	0.4749	6.2475	5.9362	0.8698	0.3226	0.0000	0.00	0	UNKNOWN	INITIALIZING	0.6533	0.5936	0.6089	0.2581	16
2026.06.13 14:53	BTCUSDm	-0.1005	0.4749	6.2289	5.9362	0.8754	0.3225	0.0000	0.00	0	UNKNOWN	INITIALIZING	0.6533	0.5936	0.6128	0.2580	16
2026.06.13 14:54	BTCUSDm	-0.1005	0.4749	6.2113	5.9362	0.8804	0.3223	0.0000	0.00	0	UNKNOWN	INITIALIZING	0.6533	0.5936	0.6163	0.2578	16
2026.06.13 14:55	BTCUSDm	-0.1005	0.4749	6.1948	5.9362	0.8848	0.3221	0.0000	0.00	0	UNKNOWN	INITIALIZING	0.6533	0.5936	0.6194	0.2577	15
2026.06.13 14:56	BTCUSDm	-0.1005	0.4749	6.1793	5.9362	0.8887	0.3219	0.0000	0.00	0	UNKNOWN	INITIALIZING	0.6533	0.5936	0.6221	0.2576	15
2026.06.13 14:57	BTCUSDm	-0.1005	0.4749	6.1647	5.9362	0.8921	0.3218	0.0000	0.00	0	UNKNOWN	INITIALIZING	0.6533	0.5936	0.6244	0.2574	15
2026.06.13 14:58	BTCUSDm	-0.1005	0.4749	6.1510	5.9362	0.8950	0.3216	0.0000	0.00	0	UNKNOWN	INITIALIZING	0.6533	0.5936	0.6265	0.2573	15
2026.06.13 14:59	BTCUSDm	-0.1005	0.4749	6.1381	5.9362	0.8976	0.3215	0.0000	0.00	0	UNKNOWN	INITIALIZING	0.6533	0.5936	0.6283	0.2572	15
2026.06.13 15:00	BTCUSDm	-0.1005	0.4749	6.1260	5.9362	0.8998	0.3213	0.0000	0.00	0	UNKNOWN	INITIALIZING	0.6533	0.5936	0.6299	0.2571	15
2026.06.13 15:01	BTCUSDm	-0.1005	0.4749	6.1146	5.9362	0.9017	0.3212	0.0000	0.00	0	UNKNOWN	INITIALIZING	0.6533	0.5936	0.6312	0.2570	15
2026.06.13 15:02	BTCUSDm	-0.1005	0.4749	6.1039	5.9362	0.9033	0.3211	0.0000	0.00	0	UNKNOWN	INITIALIZING	0.6533	0.5936	0.6323	0.2568	15
2026.06.13 15:03	BTCUSDm	-0.1005	0.4749	6.0938	5.9362	0.9047	0.3209	0.0000	0.00	0	UNKNOWN	INITIALIZING	0.6533	0.5936	0.6333	0.2567	15
2026.06.13 15:04	BTCUSDm	-0.1005	0.4749	6.0844	5.9362	0.9059	0.3208	0.0000	0.00	0	UNKNOWN	INITIALIZING	0.6533	0.5936	0.6341	0.2566	15
2026.06.13 15:05	BTCUSDm	-0.1005	0.4749	6.0755	5.9362	0.9069	0.3207	0.0000	0.00	0	UNKNOWN	INITIALIZING	0.6533	0.5936	0.6348	0.2565	15
2026.06.13 15:06	BTCUSDm	-0.1005	0.4749	6.0671	5.9362	0.9077	0.3205	0.0000	0.00	0	UNKNOWN	INITIALIZING	0.6533	0.5936	0.6354	0.2564	15
2026.06.13 15:07	BTCUSDm	-0.1005	0.4749	6.0593	5.9362	0.9083	0.3204	0.0000	0.00	0	UNKNOWN	INITIALIZING	0.6533	0.5936	0.6358	0.2563	15
2026.06.13 15:08	BTCUSDm	-0.1005	0.4749	6.0519	5.9362	0.9088	0.3203	0.0000	0.00	0	UNKNOWN	INITIALIZING	0.6533	0.5936	0.6362	0.2562	15
2026.06.13 15:09	BTCUSDm	-0.1005	0.4749	6.0449	5.9362	0.9092	0.3202	0.0000	0.00	0	UNKNOWN	INITIALIZING	0.6533	0.5936	0.6364	0.2562	15
2026.06.13 15:10	BTCUSDm	-0.1005	0.4749	6.0384	5.9362	0.9095	0.3201	0.0000	0.00	0	UNKNOWN	INITIALIZING	0.6533	0.5936	0.6366	0.2561	15
2026.06.13 15:11	BTCUSDm	-0.1005	0.4749	6.0323	5.9362	0.9097	0.3200	0.0000	0.00	0	UNKNOWN	INITIALIZING	0.6533	0.5936	0.6368	0.2560	15
2026.06.13 15:12	BTCUSDm	-0.1005	0.4749	6.0265	5.9362	0.9098	0.3199	0.0000	0.00	0	UNKNOWN	INITIALIZING	0.6533	0.5936	0.6368	0.2559	15
2026.06.13 15:13	BTCUSDm	-0.1005	0.4749	6.0211	5.9362	0.9098	0.3198	0.0000	0.00	0	UNKNOWN	INITIALIZING	0.6532	0.5936	0.6368	0.2558	15
2026.06.13 15:14	BTCUSDm	-0.1005	0.4749	6.0160	5.9362	0.9097	0.3197	0.0000	0.00	0	UNKNOWN	INITIALIZING	0.6533	0.5936	0.6368	0.2558	15
2026.06.13 15:15	BTCUSDm	-0.1005	0.4749	6.0112	5.9362	0.9097	0.3196	0.0000	0.00	0	UNKNOWN	INITIALIZING	0.6533	0.5936	0.6368	0.2557	15
2026.06.13 15:16	BTCUSDm	-0.1005	0.4749	6.0067	5.9362	0.9095	0.3195	0.0000	0.00	0	UNKNOWN	INITIALIZING	0.6533	0.5936	0.6367	0.2556	15
2026.06.13 15:17	BTCUSDm	-0.1005	0.4749	6.0025	5.9362	0.9094	0.3194	0.0000	0.00	0	UNKNOWN	INITIALIZING	0.6533	0.5936	0.6365	0.2555	15
2026.06.13 15:18	BTCUSDm	-0.1005	0.4749	5.9985	5.9362	0.9092	0.3193	0.0000	0.00	0	UNKNOWN	INITIALIZING	0.6533	0.5936	0.6364	0.2555	15
2026.06.13 15:19	BTCUSDm	-0.1005	0.4749	5.9948	5.9362	0.9089	0.3193	0.0000	0.00	0	UNKNOWN	INITIALIZING	0.6533	0.5936	0.6362	0.2554	15
2026.06.13 15:20	BTCUSDm	-0.1005	0.4749	5.9912	5.9362	0.9087	0.3192	0.0000	0.00	0	UNKNOWN	INITIALIZING	0.6533	0.5936	0.6361	0.2553	15
2026.06.13 15:21	BTCUSDm	-0.1005	0.4749	5.9879	5.9362	0.9084	0.3191	0.0000	0.00	0	UNKNOWN	INITIALIZING	0.6533	0.5936	0.6359	0.2553	15
2026.06.13 15:22	BTCUSDm	-0.1005	0.4749	5.9848	5.9362	0.9081	0.3190	0.0000	0.00	0	UNKNOWN	INITIALIZING	0.6533	0.5936	0.6357	0.2552	15
2026.06.13 15:23	BTCUSDm	-0.1005	0.4749	5.9819	5.9362	0.9078	0.3189	0.0000	0.00	0	UNKNOWN	INITIALIZING	0.6533	0.5936	0.6355	0.2552	15
2026.06.13 15:24	BTCUSDm	-0.1005	0.4749	5.9792	5.9362	0.9075	0.3189	0.0000	0.00	0	UNKNOWN	INITIALIZING	0.6533	0.5936	0.6353	0.2551	15
2026.06.13 15:25	BTCUSDm	-0.1005	0.4749	5.9766	5.9362	0.9072	0.3188	0.0000	0.00	0	UNKNOWN	INITIALIZING	0.6533	0.5936	0.6350	0.2550	15
2026.06.13 15:26	BTCUSDm	-0.1005	0.4749	5.9742	5.9362	0.9069	0.3187	0.0000	0.00	0	UNKNOWN	INITIALIZING	0.6533	0.5936	0.6348	0.2550	15
2026.06.13 15:27	BTCUSDm	-0.1005	0.4749	5.9719	5.9362	0.9066	0.3187	0.0000	0.00	0	UNKNOWN	INITIALIZING	0.6533	0.5936	0.6346	0.2549	15
2026.06.13 15:28	BTCUSDm	-0.1005	0.4749	5.9698	5.9362	0.9062	0.3186	0.0000	0.00	0	UNKNOWN	INITIALIZING	0.6533	0.5936	0.6344	0.2549	15
2026.06.13 15:29	BTCUSDm	-0.1005	0.4749	5.9677	5.9362	0.9059	0.3186	0.0000	0.00	0	UNKNOWN	INITIALIZING	0.6533	0.5936	0.6341	0.2548	15
2026.06.13 15:30	BTCUSDm	-0.1005	0.4749	5.9658	5.9362	0.9056	0.3185	0.0000	0.00	0	UNKNOWN	INITIALIZING	0.6533	0.5936	0.6339	0.2548	15
2026.06.13 15:31	BTCUSDm	-0.1005	0.4749	5.9641	5.9362	0.9053	0.3184	0.0000	0.00	0	UNKNOWN	INITIALIZING	0.6533	0.5936	0.6337	0.2548	15
2026.06.13 15:32	BTCUSDm	-0.1005	0.4749	5.9624	5.9362	0.9050	0.3184	0.0000	0.00	0	UNKNOWN	INITIALIZING	0.6533	0.5936	0.6335	0.2547	15
2026.06.13 15:33	BTCUSDm	-0.1005	0.4749	5.9608	5.9362	0.9047	0.3183	0.0000	0.00	0	UNKNOWN	INITIALIZING	0.6533	0.5936	0.6333	0.2547	15
2026.06.13 15:34	BTCUSDm	-0.1005	0.4749	5.9593	5.9362	0.9044	0.3183	0.0000	0.00	0	UNKNOWN	INITIALIZING	0.6533	0.5936	0.6331	0.2546	15
2026.06.13 15:35	BTCUSDm	-0.1005	0.4749	5.9580	5.9362	0.9041	0.3182	0.0000	0.00	0	UNKNOWN	INITIALIZING	0.6533	0.5936	0.6329	0.2546	15
2026.06.13 15:36	BTCUSDm	-0.1005	0.4749	5.9566	5.9362	0.9038	0.3182	0.0000	0.00	0	UNKNOWN	INITIALIZING	0.6533	0.5936	0.6327	0.2545	15
2026.06.13 15:37	BTCUSDm	-0.1005	0.4749	5.9554	5.9362	0.9036	0.3181	0.0000	0.00	0	UNKNOWN	INITIALIZING	0.6533	0.5936	0.6325	0.2545	15
2026.06.13 15:38	BTCUSDm	-0.1005	0.4749	5.9543	5.9362	0.9033	0.3181	0.0000	0.00	0	UNKNOWN	INITIALIZING	0.6533	0.5936	0.6323	0.2545	15
2026.06.13 15:39	BTCUSDm	-0.1005	0.4749	5.9532	5.9362	0.9031	0.3180	0.0000	0.00	0	UNKNOWN	INITIALIZING	0.6533	0.5936	0.6321	0.2544	15
2026.06.13 15:40	BTCUSDm	-0.1005	0.4749	5.9522	5.9362	0.9028	0.3180	0.0000	0.00	0	UNKNOWN	INITIALIZING	0.6533	0.5936	0.6320	0.2544	15
2026.06.13 15:41	BTCUSDm	-0.1005	0.4749	5.9512	5.9362	0.9026	0.3180	0.0000	0.00	0	UNKNOWN	INITIALIZING	0.6533	0.5936	0.6318	0.2544	15
2026.06.13 15:42	BTCUSDm	-0.1005	0.4749	5.9503	5.9362	0.9023	0.3179	0.0000	0.00	0	UNKNOWN	INITIALIZING	0.6533	0.5936	0.6316	0.2543	15
2026.06.13 15:43	BTCUSDm	-0.1005	0.4749	5.9495	5.9362	0.9021	0.3179	0.0000	0.00	0	UNKNOWN	INITIALIZING	0.6533	0.5936	0.6315	0.2543	15
2026.06.13 15:44	BTCUSDm	-0.1005	0.4749	5.9487	5.9362	0.9019	0.3178	0.0000	0.00	0	UNKNOWN	INITIALIZING	0.6533	0.5936	0.6313	0.2543	15
2026.06.13 15:45	BTCUSDm	-0.1005	0.4749	5.9479	5.9362	0.9017	0.3178	0.0000	0.00	0	UNKNOWN	INITIALIZING	0.6533	0.5936	0.6312	0.2542	15
2026.06.13 15:46	BTCUSDm	-0.1005	0.4749	5.9472	5.9362	0.9015	0.3178	0.0000	0.00	0	UNKNOWN	INITIALIZING	0.6533	0.5936	0.6310	0.2542	15
2026.06.13 15:47	BTCUSDm	-0.1005	0.4749	5.9465	5.9362	0.9013	0.3177	0.0000	0.00	0	UNKNOWN	INITIALIZING	0.6533	0.5936	0.6309	0.2542	15
2026.06.13 15:48	BTCUSDm	-0.1005	0.4749	5.9459	5.9362	0.9011	0.3177	0.0000	0.00	0	UNKNOWN	INITIALIZING	0.6533	0.5936	0.6308	0.2542	15
2026.06.13 15:49	BTCUSDm	-0.1005	0.4749	5.9453	5.9362	0.9010	0.3177	0.0000	0.00	0	UNKNOWN	INITIALIZING	0.6533	0.5936	0.6307	0.2541	15
2026.06.13 15:50	BTCUSDm	-0.1005	0.4749	5.9448	5.9362	0.9008	0.3176	0.0000	0.00	0	UNKNOWN	INITIALIZING	0.6533	0.5936	0.6306	0.2541	15
2026.06.13 15:51	BTCUSDm	-0.1005	0.4749	5.9443	5.9362	0.9006	0.3176	0.0000	0.00	0	UNKNOWN	INITIALIZING	0.6533	0.5936	0.6304	0.2541	15
2026.06.13 15:52	BTCUSDm	-0.1005	0.4749	5.9438	5.9362	0.9005	0.3176	0.0000	0.00	0	UNKNOWN	INITIALIZING	0.6533	0.5936	0.6303	0.2541	15
2026.06.13 15:53	BTCUSDm	-0.1005	0.4749	5.9433	5.9362	0.9003	0.3175	0.0000	0.00	0	UNKNOWN	INITIALIZING	0.6533	0.5936	0.6302	0.2540	15
2026.06.13 15:54	BTCUSDm	-0.1005	0.4749	5.9429	5.9362	0.9002	0.3175	0.0000	0.00	0	UNKNOWN	INITIALIZING	0.6533	0.5936	0.6301	0.2540	15
2026.06.13 15:55	BTCUSDm	-0.1005	0.4749	5.9425	5.9362	0.9001	0.3175	0.0000	0.00	0	UNKNOWN	INITIALIZING	0.6533	0.5936	0.6300	0.2540	15
2026.06.13 15:56	BTCUSDm	-0.1005	0.4749	5.9421	5.9362	0.8999	0.3175	0.0000	0.00	0	UNKNOWN	INITIALIZING	0.6533	0.5936	0.6299	0.2540	15
2026.06.13 15:57	BTCUSDm	-0.1005	0.4749	5.9418	5.9362	0.8998	0.3174	0.0000	0.00	0	UNKNOWN	INITIALIZING	0.6533	0.5936	0.6299	0.2539	15
2026.06.13 15:58	BTCUSDm	-0.1005	0.4749	5.9414	5.9362	0.8997	0.3174	0.0000	0.00	0	UNKNOWN	INITIALIZING	0.6533	0.5936	0.6298	0.2539	15
2026.06.13 15:59	BTCUSDm	-0.1005	0.4749	5.9411	5.9362	0.8996	0.3174	0.0000	0.00	0	UNKNOWN	INITIALIZING	0.6533	0.5936	0.6297	0.2539	15
2026.06.13 16:00	BTCUSDm	-0.1005	0.4749	5.9408	5.9362	0.8995	0.3174	0.0000	0.00	0	UNKNOWN	INITIALIZING	0.6533	0.5936	0.6296	0.2539	15
2026.06.13 16:01	BTCUSDm	-0.1005	0.4749	5.9405	5.9362	0.8994	0.3173	0.0000	0.00	0	UNKNOWN	INITIALIZING	0.6533	0.5936	0.6296	0.2539	15
2026.06.13 16:02	BTCUSDm	-0.1005	0.4749	5.9403	5.9362	0.8993	0.3173	0.0000	0.00	0	UNKNOWN	INITIALIZING	0.6533	0.5936	0.6295	0.2539	15
2026.06.13 16:03	BTCUSDm	-0.1005	0.4749	5.9400	5.9362	0.8992	0.3173	0.0000	0.00	0	UNKNOWN	INITIALIZING	0.6533	0.5936	0.6294	0.2538	15
2026.06.13 16:04	BTCUSDm	-0.1005	0.4749	5.9398	5.9362	0.8991	0.3173	0.0000	0.00	0	UNKNOWN	INITIALIZING	0.6533	0.5936	0.6294	0.2538	15
2026.06.13 16:05	BTCUSDm	-0.1005	0.4749	5.9396	5.9362	0.8990	0.3173	0.0000	0.00	0	UNKNOWN	INITIALIZING	0.6533	0.5936	0.6293	0.2538	15
2026.06.13 16:06	BTCUSDm	-0.1005	0.4749	5.9394	5.9362	0.8989	0.3172	0.0000	0.00	0	UNKNOWN	INITIALIZING	0.6533	0.5936	0.6293	0.2538	15
2026.06.13 16:07	BTCUSDm	-0.1005	0.4749	5.9392	5.9362	0.8989	0.3172	0.0000	0.00	0	UNKNOWN	INITIALIZING	0.6533	0.5936	0.6292	0.2538	15
2026.06.13 16:08	BTCUSDm	-0.1005	0.4749	5.9390	5.9362	0.8988	0.3172	0.0000	0.00	0	UNKNOWN	INITIALIZING	0.6533	0.5936	0.6292	0.2538	15
2026.06.13 16:09	BTCUSDm	-0.1005	0.4749	5.9388	5.9362	0.8987	0.3172	0.0000	0.00	0	UNKNOWN	INITIALIZING	0.6533	0.5936	0.6291	0.2537	15
2026.06.13 16:10	BTCUSDm	-0.1005	0.4749	5.9387	5.9362	0.8987	0.3172	0.0000	0.00	0	UNKNOWN	INITIALIZING	0.6533	0.5936	0.6291	0.2537	15
2026.06.13 16:11	BTCUSDm	-0.1005	0.4749	5.9385	5.9362	0.8986	0.3171	0.0000	0.00	0	UNKNOWN	INITIALIZING	0.6533	0.5936	0.6290	0.2537	15
2026.06.13 16:12	BTCUSDm	-0.1005	0.4749	5.9384	5.9362	0.8985	0.3171	0.0000	0.00	0	UNKNOWN	INITIALIZING	0.6533	0.5936	0.6290	0.2537	15
2026.06.13 16:13	BTCUSDm	-0.1005	0.4749	5.9383	5.9362	0.8985	0.3171	0.0000	0.00	0	UNKNOWN	INITIALIZING	0.6533	0.5936	0.6289	0.2537	15
2026.06.13 16:14	BTCUSDm	-0.1005	0.4749	5.9381	5.9362	0.8984	0.3171	0.0000	0.00	0	UNKNOWN	INITIALIZING	0.6533	0.5936	0.6289	0.2537	15
2026.06.13 16:15	BTCUSDm	-0.1005	0.4749	5.9380	5.9362	0.8984	0.3171	0.0000	0.00	0	UNKNOWN	INITIALIZING	0.6533	0.5936	0.6289	0.2537	15
2026.06.13 16:16	BTCUSDm	-0.1005	0.4749	5.9379	5.9362	0.8983	0.3171	0.0000	0.00	0	UNKNOWN	INITIALIZING	0.6533	0.5936	0.6288	0.2537	15
2026.06.13 16:17	BTCUSDm	-0.1005	0.4749	5.9378	5.9362	0.8983	0.3171	0.0000	0.00	0	UNKNOWN	INITIALIZING	0.6533	0.5936	0.6288	0.2536	15
2026.06.13 16:18	BTCUSDm	-0.1005	0.4749	5.9377	5.9362	0.8982	0.3170	0.0000	0.00	0	UNKNOWN	INITIALIZING	0.6533	0.5936	0.6288	0.2536	15
2026.06.13 16:19	BTCUSDm	-0.1005	0.4749	5.9376	5.9362	0.8982	0.3170	0.0000	0.00	0	UNKNOWN	INITIALIZING	0.6533	0.5936	0.6287	0.2536	15
2026.06.13 16:20	BTCUSDm	-0.1005	0.4749	5.9375	5.9362	0.8982	0.3170	0.0000	0.00	0	UNKNOWN	INITIALIZING	0.6533	0.5936	0.6287	0.2536	15
2026.06.13 16:21	BTCUSDm	-0.1005	0.4749	5.9375	5.9362	0.8981	0.3170	0.0000	0.00	0	UNKNOWN	INITIALIZING	0.6533	0.5936	0.6287	0.2536	15
2026.06.13 16:22	BTCUSDm	-0.1005	0.4749	5.9374	5.9362	0.8981	0.3170	0.0000	0.00	0	UNKNOWN	INITIALIZING	0.6533	0.5936	0.6287	0.2536	15
2026.06.13 16:23	BTCUSDm	-0.1005	0.4749	5.9373	5.9362	0.8981	0.3170	0.0000	0.00	0	UNKNOWN	INITIALIZING	0.6533	0.5936	0.6286	0.2536	15
2026.06.13 16:24	BTCUSDm	-0.1005	0.4749	5.9372	5.9362	0.8980	0.3170	0.0000	0.00	0	UNKNOWN	INITIALIZING	0.6533	0.5936	0.6286	0.2536	15
2026.06.13 16:25	BTCUSDm	-0.1005	0.4749	5.9372	5.9362	0.8980	0.3170	0.0000	0.00	0	UNKNOWN	INITIALIZING	0.6533	0.5936	0.6286	0.2536	15
2026.06.13 16:26	BTCUSDm	-0.1005	0.4749	5.9371	5.9362	0.8980	0.3169	0.0000	0.00	0	UNKNOWN	INITIALIZING	0.6533	0.5936	0.6286	0.2536	15
2026.06.13 16:27	BTCUSDm	-0.1005	0.4749	5.9371	5.9362	0.8980	0.3169	0.0000	0.00	0	UNKNOWN	INITIALIZING	0.6533	0.5936	0.6286	0.2535	15
2026.06.13 16:28	BTCUSDm	-0.1005	0.4749	5.9370	5.9362	0.8979	0.3169	0.0000	0.00	0	UNKNOWN	INITIALIZING	0.6533	0.5936	0.6285	0.2535	15
2026.06.13 16:29	BTCUSDm	-0.1005	0.4749	5.9370	5.9362	0.8979	0.3169	0.0000	0.00	0	UNKNOWN	INITIALIZING	0.6533	0.5936	0.6285	0.2535	15
2026.06.13 16:30	BTCUSDm	-0.3189	0.4209	5.8964	5.2618	0.9061	0.3158	0.0000	0.00	0	UNKNOWN	INITIALIZING	2.0729	0.5262	0.6342	0.2527	15
2026.06.13 16:31	BTCUSDm	-0.2646	0.4342	5.8683	5.4280	0.9109	0.3150	0.0000	0.00	0	UNKNOWN	INITIALIZING	1.7198	0.5428	0.6376	0.2520	15
2026.06.13 16:32	BTCUSDm	-0.2093	0.4479	5.8521	5.5982	0.9129	0.3145	0.0000	0.00	0	UNKNOWN	INITIALIZING	1.3607	0.5598	0.6390	0.2516	15
2026.06.13 16:33	BTCUSDm	-0.2814	0.4301	5.8236	5.3764	0.9173	0.3137	0.0000	0.00	0	UNKNOWN	INITIALIZING	1.8291	0.5376	0.6421	0.2510	15
2026.06.13 16:34	BTCUSDm	-0.2160	0.4462	5.8088	5.5777	0.9184	0.3132	0.0000	0.00	0	UNKNOWN	INITIALIZING	1.4038	0.5578	0.6429	0.2506	15
2026.06.13 16:35	BTCUSDm	-0.2899	0.4280	5.7813	5.3504	0.9222	0.3124	0.0000	0.00	0	UNKNOWN	INITIALIZING	1.8841	0.5350	0.6455	0.2499	14
2026.06.13 16:36	BTCUSDm	-0.2200	0.4452	5.7684	5.5653	0.9226	0.3119	0.0000	0.00	0	UNKNOWN	INITIALIZING	1.4298	0.5565	0.6458	0.2495	14
2026.06.13 16:37	BTCUSDm	-0.1457	0.4636	5.7700	5.7954	0.9203	0.3118	0.0000	0.00	0	UNKNOWN	INITIALIZING	0.9473	0.5795	0.6442	0.2495	14
2026.06.13 16:38	BTCUSDm	-0.1993	0.4503	5.7615	5.6292	0.9200	0.3115	0.0000	0.00	0	UNKNOWN	INITIALIZING	1.2955	0.5629	0.6440	0.2492	14
2026.06.13 16:39	BTCUSDm	-0.1917	0.4522	5.7550	5.6527	0.9194	0.3112	0.0000	0.00	0	UNKNOWN	INITIALIZING	1.2463	0.5653	0.6435	0.2489	14
2026.06.13 16:40	BTCUSDm	-0.2151	0.4464	5.7445	5.5804	0.9195	0.3108	0.0000	0.00	0	UNKNOWN	INITIALIZING	1.3980	0.5580	0.6437	0.2486	14
2026.06.13 16:41	BTCUSDm	-0.1710	0.4573	5.7429	5.7168	0.9180	0.3106	0.0000	0.00	0	UNKNOWN	INITIALIZING	1.1117	0.5717	0.6426	0.2485	14
2026.06.13 16:42	BTCUSDm	-0.2543	0.4368	5.7259	5.4597	0.9196	0.3100	0.0000	0.00	0	UNKNOWN	INITIALIZING	1.6528	0.5460	0.6437	0.2480	14
2026.06.13 16:43	BTCUSDm	-0.1164	0.4709	5.7355	5.8865	0.9160	0.3101	0.0000	0.00	0	UNKNOWN	INITIALIZING	0.7568	0.5887	0.6412	0.2481	14
2026.06.13 16:44	BTCUSDm	-0.2074	0.4483	5.7276	5.6041	0.9159	0.3098	0.0000	0.00	0	UNKNOWN	INITIALIZING	1.3482	0.5604	0.6412	0.2478	14
2026.06.13 16:45	BTCUSDm	0.0311	0.5078	5.7648	6.3473	0.9082	0.3107	0.0000	0.00	0	UNKNOWN	INITIALIZING	0.2024	0.6347	0.6357	0.2485	14
2026.06.13 16:46	BTCUSDm	-0.2612	0.4351	5.7452	5.4385	0.9111	0.3100	0.0000	0.00	0	UNKNOWN	INITIALIZING	1.6976	0.5438	0.6377	0.2480	14
2026.06.13 16:47	BTCUSDm	0.0306	0.5077	5.7813	6.3457	0.9039	0.3109	0.0000	0.00	0	UNKNOWN	INITIALIZING	0.1990	0.6346	0.6327	0.2487	14
2026.06.13 16:48	BTCUSDm	-0.2792	0.4307	5.7574	5.3832	0.9080	0.3102	0.0000	0.00	0	UNKNOWN	INITIALIZING	1.8146	0.5383	0.6356	0.2481	14
2026.06.13 16:49	BTCUSDm	1.0939	0.7491	5.9738	9.3640	0.8825	0.3159	0.0000	0.00	0	UNKNOWN	INITIALIZING	7.1106	0.9364	0.6178	0.2527	15
2026.06.13 16:50	BTCUSDm	-0.2404	0.4402	5.9455	5.5024	0.8892	0.3152	0.0000	0.00	0	UNKNOWN	INITIALIZING	1.5625	0.5502	0.6224	0.2521	15
2026.06.13 16:51	BTCUSDm	-0.1530	0.4618	5.9351	5.7728	0.8917	0.3150	0.0000	0.00	0	UNKNOWN	INITIALIZING	0.9946	0.5773	0.6242	0.2520	15
2026.06.13 16:52	BTCUSDm	-0.0002	0.4999	5.9540	6.2492	0.8890	0.3155	0.0000	0.00	0	UNKNOWN	INITIALIZING	0.0016	0.6249	0.6223	0.2524	15
2026.06.13 16:53	BTCUSDm	1.6794	0.8428	6.2289	10.5353	0.8619	0.3229	0.0000	0.00	0	UNKNOWN	INITIALIZING	10.9160	1.0535	0.6034	0.2583	16
2026.06.13 16:54	BTCUSDm	-0.5274	0.3711	6.1335	4.6389	0.8867	0.3206	0.0000	0.00	0	UNKNOWN	INITIALIZING	3.4284	0.4639	0.6207	0.2565	15
2026.06.13 16:55	BTCUSDm	-0.0286	0.4928	6.1351	6.1606	0.8874	0.3209	0.0000	0.00	0	UNKNOWN	INITIALIZING	0.1861	0.6161	0.6212	0.2567	15
2026.06.13 16:56	BTCUSDm	-0.3610	0.4107	6.0750	5.1340	0.9007	0.3195	0.0000	0.00	0	UNKNOWN	INITIALIZING	2.3465	0.5134	0.6305	0.2556	15
2026.06.13 16:57	BTCUSDm	-0.3601	0.4109	6.0187	5.1367	0.9121	0.3181	0.0000	0.00	0	UNKNOWN	INITIALIZING	2.3407	0.5137	0.6385	0.2545	15
2026.06.13 16:58	BTCUSDm	1.4302	0.8069	6.2628	10.0867	0.8853	0.3247	0.0000	0.00	0	UNKNOWN	INITIALIZING	9.2963	1.0087	0.6197	0.2598	16
2026.06.13 16:59	BTCUSDm	-0.3765	0.4070	6.1923	5.0872	0.9011	0.3231	0.0000	0.00	0	UNKNOWN	INITIALIZING	2.4471	0.5087	0.6308	0.2585	15
2026.06.13 17:00	BTCUSDm	-0.5311	0.3703	6.0984	4.6284	0.9224	0.3208	0.0000	0.00	0	UNKNOWN	INITIALIZING	3.4519	0.4628	0.6457	0.2566	15
2026.06.13 17:01	BTCUSDm	1.8881	0.8685	6.3839	10.8568	0.8926	0.3286	0.0000	0.00	0	UNKNOWN	INITIALIZING	12.2730	1.0857	0.6248	0.2628	16
2026.06.13 17:02	BTCUSDm	-0.2644	0.4343	6.3266	5.4285	0.9043	0.3274	0.0000	0.00	0	UNKNOWN	INITIALIZING	1.7186	0.5429	0.6330	0.2619	16
2026.06.13 17:03	BTCUSDm	9.8221	0.9999	6.6970	12.4993	0.8725	0.3376	0.0000	0.00	0	UNKNOWN	INITIALIZING	63.8437	1.2499	0.6107	0.2700	17
2026.06.13 17:04	BTCUSDm	0.9643	0.7240	6.8381	9.0499	0.8582	0.3419	0.0000	0.00	0	UNKNOWN	INITIALIZING	6.2683	0.9050	0.6007	0.2735	17
2026.06.13 17:05	BTCUSDm	-0.1987	0.4505	6.7657	5.6312	0.8753	0.3407	0.0000	0.00	0	UNKNOWN	INITIALIZING	1.2914	0.5631	0.6127	0.2725	17
2026.06.13 17:06	BTCUSDm	-0.2015	0.4498	6.6971	5.6224	0.8903	0.3394	0.0000	0.00	0	UNKNOWN	INITIALIZING	1.3098	0.5622	0.6232	0.2716	17
2026.06.13 17:07	BTCUSDm	2.1374	0.8945	6.9662	11.1811	0.8656	0.3471	0.0000	0.00	0	UNKNOWN	INITIALIZING	13.8930	1.1181	0.6060	0.2777	17
2026.06.13 17:08	BTCUSDm	-0.1821	0.4546	6.8891	5.6825	0.8830	0.3458	0.0000	0.00	0	UNKNOWN	INITIALIZING	1.1836	0.5683	0.6181	0.2767	17
2026.06.13 17:09	BTCUSDm	-0.1240	0.4690	6.8276	5.8629	0.8957	0.3448	0.0000	0.00	0	UNKNOWN	INITIALIZING	0.8062	0.5863	0.6270	0.2759	17
2026.06.13 17:10	BTCUSDm	-0.2414	0.4399	6.7479	5.4993	0.9116	0.3433	0.0000	0.00	0	UNKNOWN	INITIALIZING	1.5690	0.5499	0.6381	0.2746	17
2026.06.13 17:11	BTCUSDm	0.1094	0.5273	6.7385	6.5915	0.9123	0.3435	0.0000	0.00	0	UNKNOWN	INITIALIZING	0.7110	0.6591	0.6386	0.2748	17
2026.06.13 17:12	BTCUSDm	-0.2423	0.4397	6.6640	5.4965	0.9258	0.3420	0.0000	0.00	0	UNKNOWN	INITIALIZING	1.5748	0.5497	0.6481	0.2736	17
2026.06.13 17:13	BTCUSDm	-0.2328	0.4421	6.5957	5.5257	0.9370	0.3406	0.0000	0.00	0	UNKNOWN	INITIALIZING	1.5133	0.5526	0.6559	0.2725	16
2026.06.13 17:14	BTCUSDm	-0.0036	0.4991	6.5743	6.2387	0.9378	0.3404	0.0000	0.00	0	UNKNOWN	INITIALIZING	0.0236	0.6239	0.6565	0.2723	16
2026.06.13 17:15	BTCUSDm	-0.1395	0.4652	6.5287	5.8149	0.9432	0.3395	0.0000	0.00	0	UNKNOWN	INITIALIZING	0.9065	0.5815	0.6602	0.2716	16
2026.06.13 17:16	BTCUSDm	-0.2108	0.4475	6.4726	5.5936	0.9505	0.3382	0.0000	0.00	0	UNKNOWN	INITIALIZING	1.3704	0.5594	0.6653	0.2706	16
2026.06.13 17:17	BTCUSDm	-0.1707	0.4574	6.4273	5.7177	0.9549	0.3372	0.0000	0.00	0	UNKNOWN	INITIALIZING	1.1098	0.5718	0.6685	0.2698	16
2026.06.13 17:18	BTCUSDm	-0.2138	0.4468	6.3767	5.5844	0.9602	0.3360	0.0000	0.00	0	UNKNOWN	INITIALIZING	1.3897	0.5584	0.6722	0.2688	16
2026.06.13 17:19	BTCUSDm	-0.2311	0.4425	6.3260	5.5311	0.9652	0.3348	0.0000	0.00	0	UNKNOWN	INITIALIZING	1.5020	0.5531	0.6756	0.2679	16
2026.06.13 17:20	BTCUSDm	-0.2207	0.4451	6.2802	5.5632	0.9687	0.3337	0.0000	0.00	0	UNKNOWN	INITIALIZING	1.4343	0.5563	0.6781	0.2669	16
2026.06.13 17:21	BTCUSDm	0.1074	0.5268	6.2985	6.5853	0.9603	0.3342	0.0000	0.00	0	UNKNOWN	INITIALIZING	0.6981	0.6585	0.6722	0.2674	16
2026.06.13 17:22	BTCUSDm	-0.2230	0.4445	6.2540	5.5559	0.9640	0.3331	0.0000	0.00	0	UNKNOWN	INITIALIZING	1.4497	0.5556	0.6748	0.2664	16
2026.06.13 17:23	BTCUSDm	0.1728	0.5431	6.2861	6.7887	0.9539	0.3339	0.0000	0.00	0	UNKNOWN	INITIALIZING	1.1234	0.6789	0.6677	0.2671	16
2026.06.13 17:24	BTCUSDm	0.1528	0.5381	6.3125	6.7266	0.9454	0.3347	0.0000	0.00	0	UNKNOWN	INITIALIZING	0.9932	0.6727	0.6618	0.2677	16
2026.06.13 17:25	BTCUSDm	-0.2241	0.4442	6.2669	5.5527	0.9505	0.3335	0.0000	0.00	0	UNKNOWN	INITIALIZING	1.4565	0.5553	0.6653	0.2668	16
2026.06.13 17:26	BTCUSDm	-0.2157	0.4463	6.2256	5.5784	0.9543	0.3324	0.0000	0.00	0	UNKNOWN	INITIALIZING	1.4023	0.5578	0.6680	0.2660	16
2026.06.13 17:27	BTCUSDm	-0.1541	0.4615	6.1982	5.7693	0.9550	0.3317	0.0000	0.00	0	UNKNOWN	INITIALIZING	1.0018	0.5769	0.6685	0.2654	15
2026.06.13 17:28	BTCUSDm	-0.2233	0.4444	6.1596	5.5550	0.9580	0.3306	0.0000	0.00	0	UNKNOWN	INITIALIZING	1.4516	0.5555	0.6706	0.2645	15
2026.06.13 17:29	BTCUSDm	-0.2173	0.4459	6.1245	5.5735	0.9600	0.3296	0.0000	0.00	0	UNKNOWN	INITIALIZING	1.4127	0.5573	0.6720	0.2637	15
2026.06.13 17:30	BTCUSDm	-0.1765	0.4560	6.0990	5.7000	0.9599	0.3289	0.0000	0.00	0	UNKNOWN	INITIALIZING	1.1470	0.5700	0.6719	0.2631	15
2026.06.13 17:31	BTCUSDm	-0.1638	0.4592	6.0774	5.7394	0.9591	0.3282	0.0000	0.00	0	UNKNOWN	INITIALIZING	1.0644	0.5739	0.6714	0.2625	15
2026.06.13 17:32	BTCUSDm	0.4578	0.6125	6.1721	7.6560	0.9411	0.3306	0.0000	0.00	0	UNKNOWN	INITIALIZING	2.9754	0.7656	0.6588	0.2645	15
2026.06.13 17:33	BTCUSDm	-0.2050	0.4489	6.1385	5.6115	0.9442	0.3296	0.0000	0.00	0	UNKNOWN	INITIALIZING	1.3327	0.5612	0.6609	0.2637	15
2026.06.13 17:34	BTCUSDm	-0.1913	0.4523	6.1094	5.6540	0.9461	0.3288	0.0000	0.00	0	UNKNOWN	INITIALIZING	1.2436	0.5654	0.6623	0.2630	15
2026.06.13 17:35	BTCUSDm	-0.1847	0.4540	6.0833	5.6744	0.9472	0.3280	0.0000	0.00	0	UNKNOWN	INITIALIZING	1.2007	0.5674	0.6631	0.2624	15
2026.06.13 17:36	BTCUSDm	-0.2115	0.4473	6.0538	5.5915	0.9490	0.3271	0.0000	0.00	0	UNKNOWN	INITIALIZING	1.3748	0.5591	0.6643	0.2617	15
2026.06.13 17:37	BTCUSDm	-0.0474	0.4881	6.0567	6.1018	0.9445	0.3271	0.0000	0.00	0	UNKNOWN	INITIALIZING	0.3084	0.6102	0.6611	0.2617	15
2026.06.13 17:38	BTCUSDm	-0.1809	0.4549	6.0345	5.6862	0.9450	0.3264	0.0000	0.00	0	UNKNOWN	INITIALIZING	1.1760	0.5686	0.6615	0.2611	15
2026.06.13 17:39	BTCUSDm	0.1504	0.5375	6.0755	6.7192	0.9348	0.3273	0.0000	0.00	0	UNKNOWN	INITIALIZING	0.9778	0.6719	0.6544	0.2619	15
2026.06.13 17:40	BTCUSDm	-0.1604	0.4600	6.0560	5.7497	0.9356	0.3267	0.0000	0.00	0	UNKNOWN	INITIALIZING	1.0428	0.5750	0.6549	0.2614	15
2026.06.13 17:41	BTCUSDm	-0.2134	0.4468	6.0278	5.5856	0.9380	0.3258	0.0000	0.00	0	UNKNOWN	INITIALIZING	1.3873	0.5586	0.6566	0.2607	15
2026.06.13 17:42	BTCUSDm	-0.2127	0.4470	6.0014	5.5877	0.9399	0.3250	0.0000	0.00	0	UNKNOWN	INITIALIZING	1.3828	0.5588	0.6579	0.2600	15
2026.06.13 17:43	BTCUSDm	-0.0686	0.4828	6.0034	6.0356	0.9363	0.3249	0.0000	0.00	0	UNKNOWN	INITIALIZING	0.4462	0.6036	0.6554	0.2599	15
2026.06.13 17:44	BTCUSDm	0.5720	0.6392	6.1226	7.9902	0.9174	0.3279	0.0000	0.00	0	UNKNOWN	INITIALIZING	3.7177	0.7990	0.6422	0.2624	15
2026.06.13 17:45	BTCUSDm	0.3007	0.5746	6.1862	7.1827	0.9065	0.3296	0.0000	0.00	0	UNKNOWN	INITIALIZING	1.9545	0.7183	0.6346	0.2637	15
2026.06.13 17:46	BTCUSDm	-0.1741	0.4566	6.1575	5.7072	0.9113	0.3288	0.0000	0.00	0	UNKNOWN	INITIALIZING	1.1320	0.5707	0.6379	0.2631	15
2026.06.13 17:47	BTCUSDm	-0.1703	0.4575	6.1312	5.7192	0.9152	0.3281	0.0000	0.00	0	UNKNOWN	INITIALIZING	1.1066	0.5719	0.6407	0.2625	15
2026.06.13 17:48	BTCUSDm	-0.2566	0.4362	6.0905	5.4526	0.9219	0.3270	0.0000	0.00	0	UNKNOWN	INITIALIZING	1.6676	0.5453	0.6453	0.2616	15
2026.06.13 17:49	BTCUSDm	-0.2288	0.4430	6.0573	5.5381	0.9264	0.3261	0.0000	0.00	0	UNKNOWN	INITIALIZING	1.4872	0.5538	0.6485	0.2608	15
2026.06.13 17:50	BTCUSDm	-0.2438	0.4393	6.0234	5.4918	0.9308	0.3251	0.0000	0.00	0	UNKNOWN	INITIALIZING	1.5848	0.5492	0.6516	0.2601	15
2026.06.13 17:51	BTCUSDm	-0.2407	0.4401	5.9921	5.5016	0.9343	0.3241	0.0000	0.00	0	UNKNOWN	INITIALIZING	1.5643	0.5502	0.6540	0.2593	15
2026.06.13 17:52	BTCUSDm	-0.2245	0.4441	5.9657	5.5515	0.9365	0.3233	0.0000	0.00	0	UNKNOWN	INITIALIZING	1.4590	0.5551	0.6555	0.2586	15
2026.06.13 17:53	BTCUSDm	0.2547	0.5633	6.0302	7.0417	0.9237	0.3248	0.0000	0.00	0	UNKNOWN	INITIALIZING	1.6555	0.7042	0.6466	0.2599	15
2026.06.13 17:54	BTCUSDm	-0.2074	0.4483	6.0046	5.6041	0.9266	0.3241	0.0000	0.00	0	UNKNOWN	INITIALIZING	1.3482	0.5604	0.6486	0.2592	15
2026.06.13 17:55	BTCUSDm	-0.2661	0.4339	5.9698	5.4234	0.9312	0.3230	0.0000	0.00	0	UNKNOWN	INITIALIZING	1.7295	0.5423	0.6518	0.2584	15
2026.06.13 17:56	BTCUSDm	-0.2182	0.4457	5.9458	5.5707	0.9331	0.3222	0.0000	0.00	0	UNKNOWN	INITIALIZING	1.4185	0.5571	0.6532	0.2578	15
2026.06.13 17:57	BTCUSDm	-0.1679	0.4581	5.9327	5.7266	0.9328	0.3217	0.0000	0.00	0	UNKNOWN	INITIALIZING	1.0913	0.5727	0.6529	0.2574	15
2026.06.13 17:58	BTCUSDm	0.5377	0.6313	6.0502	7.8910	0.9142	0.3247	0.0000	0.00	0	UNKNOWN	INITIALIZING	3.4952	0.7891	0.6399	0.2598	15
2026.06.13 17:59	BTCUSDm	-0.2467	0.4386	6.0161	5.4830	0.9195	0.3237	0.0000	0.00	0	UNKNOWN	INITIALIZING	1.6035	0.5483	0.6437	0.2590	15
2026.06.13 18:00	BTCUSDm	-0.1730	0.4569	5.9978	5.7108	0.9213	0.3232	0.0000	0.00	0	UNKNOWN	INITIALIZING	1.1243	0.5711	0.6449	0.2585	15
2026.06.13 18:01	BTCUSDm	0.1511	0.5377	6.0412	6.7214	0.9126	0.3242	0.0000	0.00	0	UNKNOWN	INITIALIZING	0.9825	0.6721	0.6388	0.2594	15
2026.06.13 18:02	BTCUSDm	-0.2431	0.4395	6.0084	5.4939	0.9178	0.3233	0.0000	0.00	0	UNKNOWN	INITIALIZING	1.5804	0.5494	0.6425	0.2586	15
2026.06.13 18:03	BTCUSDm	0.0675	0.5169	6.0355	6.4607	0.9118	0.3239	0.0000	0.00	0	UNKNOWN	INITIALIZING	0.4385	0.6461	0.6383	0.2591	15
2026.06.13 18:04	BTCUSDm	-0.1135	0.4717	6.0271	5.8956	0.9123	0.3236	0.0000	0.00	0	UNKNOWN	INITIALIZING	0.7379	0.5896	0.6386	0.2589	15
2026.06.13 18:05	BTCUSDm	-0.0719	0.4820	6.0270	6.0254	0.9112	0.3236	0.0000	0.00	0	UNKNOWN	INITIALIZING	0.4674	0.6025	0.6378	0.2589	15
2026.06.13 18:06	BTCUSDm	-0.2714	0.4326	5.9898	5.4071	0.9175	0.3225	0.0000	0.00	0	UNKNOWN	INITIALIZING	1.7640	0.5407	0.6422	0.2580	15
2026.06.13 18:07	BTCUSDm	0.0588	0.5147	6.0165	6.4337	0.9116	0.3231	0.0000	0.00	0	UNKNOWN	INITIALIZING	0.3822	0.6434	0.6381	0.2585	15
2026.06.13 18:08	BTCUSDm	-0.1667	0.4584	5.9993	5.7302	0.9137	0.3226	0.0000	0.00	0	UNKNOWN	INITIALIZING	1.0837	0.5730	0.6396	0.2581	15
2026.06.13 18:09	BTCUSDm	-0.2259	0.4438	5.9722	5.5471	0.9177	0.3218	0.0000	0.00	0	UNKNOWN	INITIALIZING	1.4683	0.5547	0.6424	0.2574	15
2026.06.13 18:10	BTCUSDm	0.4815	0.6181	6.0774	7.7261	0.9016	0.3245	0.0000	0.00	0	UNKNOWN	INITIALIZING	3.1295	0.7726	0.6311	0.2596	15
2026.06.13 18:11	BTCUSDm	-0.1239	0.4691	6.0646	5.8633	0.9037	0.3242	0.0000	0.00	0	UNKNOWN	INITIALIZING	0.8053	0.5863	0.6326	0.2593	15
2026.06.13 18:12	BTCUSDm	0.2657	0.5660	6.1252	7.0754	0.8942	0.3258	0.0000	0.00	0	UNKNOWN	INITIALIZING	1.7270	0.7075	0.6259	0.2606	15
2026.06.13 18:13	BTCUSDm	-0.0108	0.4973	6.1307	6.2161	0.8936	0.3259	0.0000	0.00	0	UNKNOWN	INITIALIZING	0.0705	0.6216	0.6256	0.2607	15
2026.06.13 18:14	BTCUSDm	-0.2169	0.4460	6.0973	5.5749	0.9004	0.3251	0.0000	0.00	0	UNKNOWN	INITIALIZING	1.4098	0.5575	0.6303	0.2601	15
2026.06.13 18:15	BTCUSDm	-0.2790	0.4307	6.0545	5.3837	0.9087	0.3239	0.0000	0.00	0	UNKNOWN	INITIALIZING	1.8136	0.5384	0.6361	0.2591	15
2026.06.13 18:16	BTCUSDm	-0.2810	0.4302	6.0139	5.3775	0.9160	0.3228	0.0000	0.00	0	UNKNOWN	INITIALIZING	1.8267	0.5378	0.6412	0.2583	15
2026.06.13 18:17	BTCUSDm	-0.2760	0.4314	5.9766	5.3930	0.9219	0.3218	0.0000	0.00	0	UNKNOWN	INITIALIZING	1.7939	0.5393	0.6453	0.2574	15
2026.06.13 18:18	BTCUSDm	-0.1897	0.4527	5.9576	5.6588	0.9236	0.3212	0.0000	0.00	0	UNKNOWN	INITIALIZING	1.2334	0.5659	0.6465	0.2569	15
2026.06.13 18:19	BTCUSDm	-0.2314	0.4424	5.9319	5.5301	0.9265	0.3204	0.0000	0.00	0	UNKNOWN	INITIALIZING	1.5040	0.5530	0.6485	0.2563	15
2026.06.13 18:20	BTCUSDm	-0.2504	0.4377	5.9043	5.4714	0.9296	0.3195	0.0000	0.00	0	UNKNOWN	INITIALIZING	1.6278	0.5471	0.6507	0.2556	15
2026.06.13 18:21	BTCUSDm	-0.2312	0.4425	5.8819	5.5307	0.9314	0.3188	0.0000	0.00	0	UNKNOWN	INITIALIZING	1.5028	0.5531	0.6520	0.2550	15
2026.06.13 18:22	BTCUSDm	-0.2843	0.4294	5.8510	5.3675	0.9348	0.3178	0.0000	0.00	0	UNKNOWN	INITIALIZING	1.8479	0.5368	0.6544	0.2542	15
2026.06.13 18:23	BTCUSDm	-0.2381	0.4408	5.8305	5.5095	0.9358	0.3171	0.0000	0.00	0	UNKNOWN	INITIALIZING	1.5476	0.5509	0.6550	0.2537	15
2026.06.13 18:24	BTCUSDm	-0.2754	0.4316	5.8044	5.3948	0.9379	0.3162	0.0000	0.00	0	UNKNOWN	INITIALIZING	1.7900	0.5395	0.6565	0.2530	15
2026.06.13 18:25	BTCUSDm	-0.2296	0.4429	5.7883	5.5357	0.9377	0.3156	0.0000	0.00	0	UNKNOWN	INITIALIZING	1.4923	0.5536	0.6564	0.2525	14
2026.06.13 18:26	BTCUSDm	-0.2667	0.4337	5.7663	5.4216	0.9388	0.3148	0.0000	0.00	0	UNKNOWN	INITIALIZING	1.7332	0.5422	0.6572	0.2518	14
2026.06.13 18:27	BTCUSDm	-0.0009	0.4998	5.7951	6.2471	0.9306	0.3153	0.0000	0.00	0	UNKNOWN	INITIALIZING	0.0061	0.6247	0.6514	0.2523	14
2026.06.13 18:28	BTCUSDm	-0.2151	0.4464	5.7822	5.5804	0.9304	0.3148	0.0000	0.00	0	UNKNOWN	INITIALIZING	1.3982	0.5580	0.6512	0.2518	14
2026.06.13 18:29	BTCUSDm	-0.2458	0.4388	5.7644	5.4856	0.9312	0.3141	0.0000	0.00	0	UNKNOWN	INITIALIZING	1.5980	0.5486	0.6518	0.2513	14
2026.06.13 18:30	BTCUSDm	0.1500	0.5374	5.8216	6.7178	0.9194	0.3155	0.0000	0.00	0	UNKNOWN	INITIALIZING	0.9749	0.6718	0.6436	0.2524	15
2026.06.13 18:31	BTCUSDm	-0.1691	0.4578	5.8157	5.7229	0.9187	0.3152	0.0000	0.00	0	UNKNOWN	INITIALIZING	1.0989	0.5723	0.6431	0.2521	15
2026.06.13 18:32	BTCUSDm	-0.2253	0.4439	5.7997	5.5489	0.9201	0.3146	0.0000	0.00	0	UNKNOWN	INITIALIZING	1.4646	0.5549	0.6440	0.2517	14
2026.06.13 18:33	BTCUSDm	-0.2163	0.4461	5.7863	5.5767	0.9208	0.3141	0.0000	0.00	0	UNKNOWN	INITIALIZING	1.4059	0.5577	0.6445	0.2513	14
2026.06.13 18:34	BTCUSDm	-0.1984	0.4506	5.7770	5.6319	0.9206	0.3137	0.0000	0.00	0	UNKNOWN	INITIALIZING	1.2899	0.5632	0.6444	0.2509	14
2026.06.13 18:35	BTCUSDm	-0.2495	0.4380	5.7589	5.4745	0.9223	0.3130	0.0000	0.00	0	UNKNOWN	INITIALIZING	1.6215	0.5474	0.6456	0.2504	14
2026.06.13 18:36	BTCUSDm	-0.2411	0.4400	5.7434	5.5001	0.9232	0.3124	0.0000	0.00	0	UNKNOWN	INITIALIZING	1.5673	0.5500	0.6463	0.2499	14
2026.06.13 18:37	BTCUSDm	-0.1510	0.4623	5.7455	5.7790	0.9207	0.3123	0.0000	0.00	0	UNKNOWN	INITIALIZING	0.9816	0.5779	0.6445	0.2498	14
2026.06.13 18:38	BTCUSDm	-0.2467	0.4386	5.7297	5.4828	0.9219	0.3117	0.0000	0.00	0	UNKNOWN	INITIALIZING	1.6038	0.5483	0.6453	0.2494	14
2026.06.13 18:39	BTCUSDm	-0.2187	0.4455	5.7201	5.5691	0.9217	0.3113	0.0000	0.00	0	UNKNOWN	INITIALIZING	1.4218	0.5569	0.6452	0.2490	14
2026.06.13 18:40	BTCUSDm	-0.2148	0.4465	5.7118	5.5812	0.9213	0.3108	0.0000	0.00	0	UNKNOWN	INITIALIZING	1.3964	0.5581	0.6449	0.2487	14
2026.06.13 18:41	BTCUSDm	-0.2348	0.4416	5.7002	5.5197	0.9215	0.3104	0.0000	0.00	0	UNKNOWN	INITIALIZING	1.5261	0.5520	0.6451	0.2483	14
2026.06.13 18:42	BTCUSDm	2.4976	0.9240	6.0512	11.5497	0.8873	0.3195	0.0000	0.00	0	UNKNOWN	INITIALIZING	16.2347	1.1550	0.6211	0.2556	15
2026.06.13 18:43	BTCUSDm	-0.3309	0.4180	6.0016	5.2251	0.8982	0.3183	0.0000	0.00	0	UNKNOWN	INITIALIZING	2.1512	0.5225	0.6287	0.2546	15
2026.06.13 18:44	BTCUSDm	-0.1110	0.4723	5.9958	5.9036	0.8992	0.3182	0.0000	0.00	0	UNKNOWN	INITIALIZING	0.7213	0.5904	0.6295	0.2546	15
2026.06.13 18:45	BTCUSDm	-0.4221	0.3960	5.9330	4.9503	0.9126	0.3166	0.0000	0.00	0	UNKNOWN	INITIALIZING	2.7434	0.4950	0.6388	0.2533	15
2026.06.13 18:46	BTCUSDm	-0.3702	0.4085	5.8834	5.1062	0.9217	0.3152	0.0000	0.00	0	UNKNOWN	INITIALIZING	2.4063	0.5106	0.6452	0.2522	15
2026.06.13 18:47	BTCUSDm	-0.1708	0.4574	5.8735	5.7175	0.9216	0.3149	0.0000	0.00	0	UNKNOWN	INITIALIZING	1.1103	0.5717	0.6451	0.2519	15
2026.06.13 18:48	BTCUSDm	0.0625	0.5156	5.9078	6.4454	0.9140	0.3158	0.0000	0.00	0	UNKNOWN	INITIALIZING	0.4065	0.6445	0.6398	0.2526	15
2026.06.13 18:49	BTCUSDm	-0.4499	0.3894	5.8453	4.8672	0.9263	0.3141	0.0000	0.00	0	UNKNOWN	INITIALIZING	2.9246	0.4867	0.6484	0.2513	15
2026.06.13 18:50	BTCUSDm	-0.4812	0.3820	5.7811	4.7747	0.9383	0.3123	0.0000	0.00	0	UNKNOWN	INITIALIZING	3.1276	0.4775	0.6568	0.2499	14
2026.06.13 18:51	BTCUSDm	0.6509	0.6572	5.9272	8.2152	0.9161	0.3161	0.0000	0.00	0	UNKNOWN	INITIALIZING	4.2310	0.8215	0.6413	0.2529	15
2026.06.13 18:52	BTCUSDm	1.5944	0.8312	6.1950	10.3905	0.8872	0.3232	0.0000	0.00	0	UNKNOWN	INITIALIZING	10.3638	1.0390	0.6210	0.2586	15
2026.06.13 18:53	BTCUSDm	-0.4079	0.3994	6.1228	4.9927	0.9035	0.3215	0.0000	0.00	0	UNKNOWN	INITIALIZING	2.6514	0.4993	0.6324	0.2572	15
2026.06.13 18:54	BTCUSDm	8.9014	0.9999	6.5053	12.4983	0.8706	0.3319	0.0000	0.00	0	UNKNOWN	INITIALIZING	57.8591	1.2498	0.6094	0.2655	16
2026.06.13 18:55	BTCUSDm	0.0327	0.5082	6.4961	6.3521	0.8745	0.3321	0.0000	0.00	0	UNKNOWN	INITIALIZING	0.2123	0.6352	0.6121	0.2657	16
2026.06.13 18:56	BTCUSDm	-0.3196	0.4208	6.4220	5.2597	0.8915	0.3305	0.0000	0.00	0	UNKNOWN	INITIALIZING	2.0774	0.5260	0.6240	0.2644	16
2026.06.13 18:57	BTCUSDm	-0.2866	0.4288	6.3583	5.3604	0.9048	0.3292	0.0000	0.00	0	UNKNOWN	INITIALIZING	1.8631	0.5360	0.6333	0.2634	16
2026.06.13 18:58	BTCUSDm	-0.0124	0.4969	6.3494	6.2112	0.9059	0.3293	0.0000	0.00	0	UNKNOWN	INITIALIZING	0.0807	0.6211	0.6341	0.2634	16
2026.06.13 18:59	BTCUSDm	-0.1744	0.4565	6.3109	5.7063	0.9125	0.3285	0.0000	0.00	0	UNKNOWN	INITIALIZING	1.1339	0.5706	0.6388	0.2628	16
2026.06.13 19:00	BTCUSDm	-0.0878	0.4781	6.2907	5.9757	0.9151	0.3282	0.0000	0.00	0	UNKNOWN	INITIALIZING	0.5709	0.5976	0.6405	0.2626	16
2026.06.13 19:01	BTCUSDm	-0.2870	0.4287	6.2348	5.3591	0.9249	0.3270	0.0000	0.00	0	UNKNOWN	INITIALIZING	1.8657	0.5359	0.6474	0.2616	16
2026.06.13 19:02	BTCUSDm	-0.1558	0.4611	6.2066	5.7642	0.9280	0.3264	0.0000	0.00	0	UNKNOWN	INITIALIZING	1.0126	0.5764	0.6496	0.2611	16
2026.06.13 19:03	BTCUSDm	0.1468	0.5366	6.2367	6.7079	0.9209	0.3273	0.0000	0.00	0	UNKNOWN	INITIALIZING	0.9542	0.6708	0.6447	0.2618	16
2026.06.13 19:04	BTCUSDm	-0.1120	0.4720	6.2165	5.9003	0.9228	0.3269	0.0000	0.00	0	UNKNOWN	INITIALIZING	0.7281	0.5900	0.6460	0.2615	16
2026.06.13 19:05	BTCUSDm	0.5175	0.6266	6.3134	7.8320	0.9078	0.3297	0.0000	0.00	0	UNKNOWN	INITIALIZING	3.3636	0.7832	0.6354	0.2637	16
2026.06.13 19:06	BTCUSDm	-0.2893	0.4282	6.2558	5.3521	0.9186	0.3283	0.0000	0.00	0	UNKNOWN	INITIALIZING	1.8805	0.5352	0.6430	0.2627	16
2026.06.13 19:07	BTCUSDm	-0.1804	0.4550	6.2217	5.6879	0.9234	0.3276	0.0000	0.00	0	UNKNOWN	INITIALIZING	1.1723	0.5688	0.6464	0.2621	16
2026.06.13 19:08	BTCUSDm	-0.1769	0.4559	6.1903	5.6986	0.9273	0.3269	0.0000	0.00	0	UNKNOWN	INITIALIZING	1.1500	0.5699	0.6491	0.2615	15
2026.06.13 19:09	BTCUSDm	-0.1995	0.4503	6.1566	5.6286	0.9314	0.3261	0.0000	0.00	0	UNKNOWN	INITIALIZING	1.2967	0.5629	0.6520	0.2609	15
2026.06.13 19:10	BTCUSDm	-0.3082	0.4236	6.1049	5.2946	0.9392	0.3248	0.0000	0.00	0	UNKNOWN	INITIALIZING	2.0030	0.5295	0.6574	0.2598	15
2026.06.13 19:11	BTCUSDm	-0.1489	0.4628	6.0857	5.7856	0.9395	0.3243	0.0000	0.00	0	UNKNOWN	INITIALIZING	0.9677	0.5786	0.6576	0.2594	15
2026.06.13 19:12	BTCUSDm	-0.3053	0.4243	6.0388	5.3033	0.9456	0.3230	0.0000	0.00	0	UNKNOWN	INITIALIZING	1.9845	0.5303	0.6619	0.2584	15
2026.06.13 19:13	BTCUSDm	-0.1300	0.4675	6.0271	5.8443	0.9440	0.3227	0.0000	0.00	0	UNKNOWN	INITIALIZING	0.8449	0.5844	0.6608	0.2581	15
2026.06.13 19:14	BTCUSDm	-0.2463	0.4387	5.9945	5.4842	0.9467	0.3218	0.0000	0.00	0	UNKNOWN	INITIALIZING	1.6008	0.5484	0.6627	0.2574	15
2026.06.13 19:15	BTCUSDm	-0.2522	0.4373	5.9628	5.4659	0.9489	0.3209	0.0000	0.00	0	UNKNOWN	INITIALIZING	1.6395	0.5466	0.6643	0.2567	15
2026.06.13 19:16	BTCUSDm	-0.1267	0.4684	5.9563	5.8547	0.9461	0.3206	0.0000	0.00	0	UNKNOWN	INITIALIZING	0.8233	0.5855	0.6622	0.2565	15
2026.06.13 19:17	BTCUSDm	-0.1117	0.4721	5.9530	5.9012	0.9428	0.3204	0.0000	0.00	0	UNKNOWN	INITIALIZING	0.7264	0.5901	0.6600	0.2564	15
2026.06.13 19:18	BTCUSDm	-0.2901	0.4280	5.9168	5.3498	0.9464	0.3194	0.0000	0.00	0	UNKNOWN	INITIALIZING	1.8854	0.5350	0.6625	0.2555	15
2026.06.13 19:19	BTCUSDm	-0.2901	0.4280	5.8828	5.3498	0.9493	0.3184	0.0000	0.00	0	UNKNOWN	INITIALIZING	1.8855	0.5350	0.6645	0.2547	15
2026.06.13 19:20	BTCUSDm	-0.1143	0.4715	5.8834	5.8932	0.9451	0.3182	0.0000	0.00	0	UNKNOWN	INITIALIZING	0.7429	0.5893	0.6615	0.2546	15
2026.06.13 19:21	BTCUSDm	-0.2811	0.4302	5.8531	5.3774	0.9473	0.3173	0.0000	0.00	0	UNKNOWN	INITIALIZING	1.8270	0.5377	0.6631	0.2538	15
2026.06.13 19:22	BTCUSDm	-0.3109	0.4229	5.8191	5.2863	0.9501	0.3162	0.0000	0.00	0	UNKNOWN	INITIALIZING	2.0206	0.5286	0.6651	0.2530	15
2026.06.13 19:23	BTCUSDm	0.3662	0.5905	5.9128	7.3818	0.9324	0.3186	0.0000	0.00	0	UNKNOWN	INITIALIZING	2.3805	0.7382	0.6527	0.2548	15
2026.06.13 19:24	BTCUSDm	-0.0526	0.4869	5.9232	6.0858	0.9278	0.3187	0.0000	0.00	0	UNKNOWN	INITIALIZING	0.3417	0.6086	0.6495	0.2550	15
2026.06.13 19:25	BTCUSDm	-0.2305	0.4426	5.8998	5.5329	0.9299	0.3180	0.0000	0.00	0	UNKNOWN	INITIALIZING	1.4983	0.5533	0.6510	0.2544	15
2026.06.13 19:26	BTCUSDm	-0.1129	0.4718	5.8996	5.8974	0.9274	0.3179	0.0000	0.00	0	UNKNOWN	INITIALIZING	0.7341	0.5897	0.6492	0.2543	15
2026.06.13 19:27	BTCUSDm	-0.2995	0.4257	5.8649	5.3210	0.9319	0.3169	0.0000	0.00	0	UNKNOWN	INITIALIZING	1.9468	0.5321	0.6524	0.2535	15
2026.06.13 19:28	BTCUSDm	0.0201	0.5050	5.8918	6.3130	0.9247	0.3175	0.0000	0.00	0	UNKNOWN	INITIALIZING	0.1310	0.6313	0.6473	0.2540	15
2026.06.13 19:29	BTCUSDm	-0.2777	0.4310	5.8616	5.3878	0.9285	0.3166	0.0000	0.00	0	UNKNOWN	INITIALIZING	1.8049	0.5388	0.6499	0.2533	15
2026.06.13 19:30	BTCUSDm	-0.2800	0.4305	5.8327	5.3808	0.9317	0.3157	0.0000	0.00	0	UNKNOWN	INITIALIZING	1.8198	0.5381	0.6522	0.2526	15
2026.06.13 19:31	BTCUSDm	-0.1572	0.4608	5.8283	5.7598	0.9297	0.3154	0.0000	0.00	0	UNKNOWN	INITIALIZING	1.0218	0.5760	0.6508	0.2524	15
2026.06.13 19:32	BTCUSDm	-0.2374	0.4409	5.8093	5.5116	0.9308	0.3148	0.0000	0.00	0	UNKNOWN	INITIALIZING	1.5431	0.5512	0.6516	0.2518	15
2026.06.13 19:33	BTCUSDm	-0.2865	0.4289	5.7824	5.3609	0.9335	0.3139	0.0000	0.00	0	UNKNOWN	INITIALIZING	1.8620	0.5361	0.6534	0.2511	14
2026.06.13 19:34	BTCUSDm	-0.2888	0.4283	5.7567	5.3538	0.9357	0.3131	0.0000	0.00	0	UNKNOWN	INITIALIZING	1.8771	0.5354	0.6550	0.2505	14
2026.06.13 19:35	BTCUSDm	-0.2727	0.4322	5.7355	5.4031	0.9367	0.3123	0.0000	0.00	0	UNKNOWN	INITIALIZING	1.7724	0.5403	0.6557	0.2499	14
2026.06.13 19:36	BTCUSDm	-0.3074	0.4238	5.7092	5.2969	0.9388	0.3114	0.0000	0.00	0	UNKNOWN	INITIALIZING	1.9980	0.5297	0.6572	0.2492	14
2026.06.13 19:37	BTCUSDm	-0.2579	0.4359	5.6935	5.4484	0.9385	0.3108	0.0000	0.00	0	UNKNOWN	INITIALIZING	1.6765	0.5448	0.6570	0.2487	14
2026.06.13 19:38	BTCUSDm	0.5589	0.6362	5.8291	7.9526	0.9170	0.3142	0.0000	0.00	0	UNKNOWN	INITIALIZING	3.6331	0.7953	0.6419	0.2514	15
2026.06.13 19:39	BTCUSDm	0.2556	0.5635	5.9020	7.0443	0.9044	0.3161	0.0000	0.00	0	UNKNOWN	INITIALIZING	1.6612	0.7044	0.6331	0.2528	15
2026.06.13 19:40	BTCUSDm	-0.2954	0.4267	5.8679	5.3334	0.9107	0.3151	0.0000	0.00	0	UNKNOWN	INITIALIZING	1.9204	0.5333	0.6375	0.2521	15
2026.06.13 19:41	BTCUSDm	-0.2714	0.4326	5.8402	5.4071	0.9150	0.3143	0.0000	0.00	0	UNKNOWN	INITIALIZING	1.7639	0.5407	0.6405	0.2514	15
2026.06.13 19:42	BTCUSDm	-0.2162	0.4462	5.8244	5.5771	0.9166	0.3138	0.0000	0.00	0	UNKNOWN	INITIALIZING	1.4051	0.5577	0.6416	0.2510	15
2026.06.13 19:43	BTCUSDm	-0.1526	0.4619	5.8214	5.7741	0.9156	0.3136	0.0000	0.00	0	UNKNOWN	INITIALIZING	0.9918	0.5774	0.6409	0.2509	15
2026.06.13 19:44	BTCUSDm	-0.2504	0.4377	5.8004	5.4716	0.9182	0.3130	0.0000	0.00	0	UNKNOWN	INITIALIZING	1.6274	0.5472	0.6427	0.2504	15
2026.06.13 19:45	BTCUSDm	-0.2285	0.4431	5.7848	5.5390	0.9195	0.3124	0.0000	0.00	0	UNKNOWN	INITIALIZING	1.4853	0.5539	0.6437	0.2500	14
2026.06.13 19:46	BTCUSDm	9.9414	1.0000	6.1876	12.4994	0.8835	0.3231	0.0000	0.00	0	UNKNOWN	INITIALIZING	64.6190	1.2499	0.6184	0.2585	15
2026.06.13 19:47	BTCUSDm	-0.1033	0.4742	6.1720	5.9275	0.8875	0.3229	0.0000	0.00	0	UNKNOWN	INITIALIZING	0.6714	0.5928	0.6212	0.2583	15
2026.06.13 19:48	BTCUSDm	-0.0963	0.4759	6.1587	5.9493	0.8908	0.3227	0.0000	0.00	0	UNKNOWN	INITIALIZING	0.6260	0.5949	0.6235	0.2582	15
2026.06.13 19:49	BTCUSDm	-0.0810	0.4798	6.1490	5.9971	0.8931	0.3226	0.0000	0.00	0	UNKNOWN	INITIALIZING	0.5263	0.5997	0.6252	0.2581	15
2026.06.13 19:50	BTCUSDm	-0.1112	0.4722	6.1342	5.9029	0.8962	0.3224	0.0000	0.00	0	UNKNOWN	INITIALIZING	0.7227	0.5903	0.6273	0.2579	15
2026.06.13 19:51	BTCUSDm	-0.1032	0.4742	6.1218	5.9277	0.8986	0.3222	0.0000	0.00	0	UNKNOWN	INITIALIZING	0.6711	0.5928	0.6290	0.2578	15
2026.06.13 19:52	BTCUSDm	-0.1055	0.4737	6.1097	5.9207	0.9007	0.3220	0.0000	0.00	0	UNKNOWN	INITIALIZING	0.6855	0.5921	0.6305	0.2576	15
2026.06.13 19:53	BTCUSDm	-0.1102	0.4725	6.0975	5.9060	0.9027	0.3218	0.0000	0.00	0	UNKNOWN	INITIALIZING	0.7162	0.5906	0.6319	0.2574	15
2026.06.13 19:54	BTCUSDm	-0.1070	0.4733	6.0866	5.9161	0.9043	0.3216	0.0000	0.00	0	UNKNOWN	INITIALIZING	0.6952	0.5916	0.6330	0.2573	15
2026.06.13 19:55	BTCUSDm	-0.1090	0.4728	6.0760	5.9096	0.9057	0.3214	0.0000	0.00	0	UNKNOWN	INITIALIZING	0.7088	0.5910	0.6340	0.2571	15
2026.06.13 19:56	BTCUSDm	-0.1103	0.4724	6.0658	5.9056	0.9070	0.3212	0.0000	0.00	0	UNKNOWN	INITIALIZING	0.7172	0.5906	0.6349	0.2570	15
2026.06.13 19:57	BTCUSDm	-0.1071	0.4732	6.0568	5.9156	0.9079	0.3210	0.0000	0.00	0	UNKNOWN	INITIALIZING	0.6962	0.5916	0.6355	0.2568	15
2026.06.13 19:58	BTCUSDm	-0.1102	0.4725	6.0477	5.9060	0.9088	0.3209	0.0000	0.00	0	UNKNOWN	INITIALIZING	0.7163	0.5906	0.6361	0.2567	15
2026.06.13 19:59	BTCUSDm	0.0686	0.5171	6.0727	6.4641	0.9038	0.3216	0.0000	0.00	0	UNKNOWN	INITIALIZING	0.4456	0.6464	0.6327	0.2573	15
2026.06.13 20:00	BTCUSDm	-0.0180	0.4955	6.0800	6.1938	0.9021	0.3218	0.0000	0.00	0	UNKNOWN	INITIALIZING	0.1170	0.6194	0.6315	0.2575	15
2026.06.13 20:01	BTCUSDm	-0.1068	0.4733	6.0702	5.9165	0.9036	0.3217	0.0000	0.00	0	UNKNOWN	INITIALIZING	0.6943	0.5917	0.6325	0.2573	15
2026.06.13 20:02	BTCUSDm	-0.1120	0.4720	6.0600	5.9003	0.9050	0.3214	0.0000	0.00	0	UNKNOWN	INITIALIZING	0.7282	0.5900	0.6335	0.2572	15
2026.06.13 20:03	BTCUSDm	-0.0477	0.4881	6.0624	6.1011	0.9040	0.3216	0.0000	0.00	0	UNKNOWN	INITIALIZING	0.3099	0.6101	0.6328	0.2572	15
2026.06.13 20:04	BTCUSDm	-0.1117	0.4721	6.0528	5.9012	0.9053	0.3214	0.0000	0.00	0	UNKNOWN	INITIALIZING	0.7262	0.5901	0.6337	0.2571	15
2026.06.13 20:05	BTCUSDm	-0.1152	0.4712	6.0430	5.8904	0.9065	0.3211	0.0000	0.00	0	UNKNOWN	INITIALIZING	0.7488	0.5890	0.6345	0.2569	15
2026.06.13 20:06	BTCUSDm	-0.0493	0.4877	6.0462	6.0961	0.9053	0.3213	0.0000	0.00	0	UNKNOWN	INITIALIZING	0.3202	0.6096	0.6337	0.2570	15
2026.06.13 20:07	BTCUSDm	-0.0896	0.4776	6.0416	5.9701	0.9055	0.3212	0.0000	0.00	0	UNKNOWN	INITIALIZING	0.5826	0.5970	0.6338	0.2569	15
2026.06.13 20:08	BTCUSDm	-0.1142	0.4715	6.0328	5.8936	0.9065	0.3210	0.0000	0.00	0	UNKNOWN	INITIALIZING	0.7421	0.5894	0.6346	0.2568	15
2026.06.13 20:09	BTCUSDm	-0.1132	0.4717	6.0246	5.8967	0.9073	0.3208	0.0000	0.00	0	UNKNOWN	INITIALIZING	0.7356	0.5897	0.6351	0.2566	15
2026.06.13 20:10	BTCUSDm	-0.1159	0.4711	6.0164	5.8883	0.9081	0.3206	0.0000	0.00	0	UNKNOWN	INITIALIZING	0.7532	0.5888	0.6356	0.2565	15
2026.06.13 20:11	BTCUSDm	-0.1101	0.4725	6.0098	5.9062	0.9084	0.3204	0.0000	0.00	0	UNKNOWN	INITIALIZING	0.7157	0.5906	0.6359	0.2563	15
2026.06.13 20:12	BTCUSDm	-0.1142	0.4715	6.0028	5.8937	0.9089	0.3202	0.0000	0.00	0	UNKNOWN	INITIALIZING	0.7420	0.5894	0.6362	0.2562	15
2026.06.13 20:13	BTCUSDm	-0.0219	0.4945	6.0136	6.1817	0.9062	0.3205	0.0000	0.00	0	UNKNOWN	INITIALIZING	0.1420	0.6182	0.6343	0.2564	15
2026.06.13 20:14	BTCUSDm	-0.0447	0.4888	6.0194	6.1103	0.9045	0.3207	0.0000	0.00	0	UNKNOWN	INITIALIZING	0.2906	0.6110	0.6332	0.2565	15
2026.06.13 20:15	BTCUSDm	-0.1153	0.4712	6.0116	5.8901	0.9054	0.3205	0.0000	0.00	0	UNKNOWN	INITIALIZING	0.7494	0.5890	0.6338	0.2564	15
2026.06.13 20:16	BTCUSDm	-0.1165	0.4709	6.0041	5.8864	0.9062	0.3203	0.0000	0.00	0	UNKNOWN	INITIALIZING	0.7572	0.5886	0.6343	0.2562	15
2026.06.13 20:17	BTCUSDm	-0.1174	0.4707	5.9969	5.8834	0.9068	0.3201	0.0000	0.00	0	UNKNOWN	INITIALIZING	0.7633	0.5883	0.6348	0.2561	15
2026.06.13 20:18	BTCUSDm	-0.0966	0.4759	5.9940	5.9484	0.9066	0.3200	0.0000	0.00	0	UNKNOWN	INITIALIZING	0.6278	0.5948	0.6346	0.2560	15
2026.06.13 20:19	BTCUSDm	-0.1123	0.4720	5.9883	5.8994	0.9070	0.3198	0.0000	0.00	0	UNKNOWN	INITIALIZING	0.7299	0.5899	0.6349	0.2559	15
2026.06.13 20:20	BTCUSDm	-0.1175	0.4707	5.9820	5.8831	0.9074	0.3197	0.0000	0.00	0	UNKNOWN	INITIALIZING	0.7640	0.5883	0.6352	0.2557	15
2026.06.13 20:21	BTCUSDm	0.0379	0.5095	6.0052	6.3683	0.9028	0.3203	0.0000	0.00	0	UNKNOWN	INITIALIZING	0.2460	0.6368	0.6319	0.2562	15
2026.06.13 20:22	BTCUSDm	-0.1152	0.4712	5.9983	5.8905	0.9036	0.3201	0.0000	0.00	0	UNKNOWN	INITIALIZING	0.7486	0.5890	0.6325	0.2561	15
2026.06.13 20:23	BTCUSDm	-0.1152	0.4712	5.9918	5.8903	0.9043	0.3199	0.0000	0.00	0	UNKNOWN	INITIALIZING	0.7491	0.5890	0.6330	0.2559	15
2026.06.13 20:24	BTCUSDm	-0.1125	0.4719	5.9862	5.8988	0.9048	0.3197	0.0000	0.00	0	UNKNOWN	INITIALIZING	0.7313	0.5899	0.6334	0.2558	15
2026.06.13 20:25	BTCUSDm	-0.1113	0.4722	5.9812	5.9026	0.9052	0.3196	0.0000	0.00	0	UNKNOWN	INITIALIZING	0.7233	0.5903	0.6336	0.2557	15
2026.06.13 20:26	BTCUSDm	-0.1162	0.4710	5.9756	5.8873	0.9056	0.3194	0.0000	0.00	0	UNKNOWN	INITIALIZING	0.7553	0.5887	0.6339	0.2555	15
2026.06.13 20:27	BTCUSDm	-0.1097	0.4726	5.9715	5.9075	0.9057	0.3193	0.0000	0.00	0	UNKNOWN	INITIALIZING	0.7132	0.5907	0.6340	0.2554	15
2026.06.13 20:28	BTCUSDm	-0.1145	0.4714	5.9667	5.8926	0.9060	0.3191	0.0000	0.00	0	UNKNOWN	INITIALIZING	0.7442	0.5893	0.6342	0.2553	15
2026.06.13 20:29	BTCUSDm	-0.1106	0.4724	5.9630	5.9047	0.9060	0.3190	0.0000	0.00	0	UNKNOWN	INITIALIZING	0.7189	0.5905	0.6342	0.2552	15
2026.06.13 20:30	BTCUSDm	-0.1033	0.4742	5.9609	5.9274	0.9057	0.3189	0.0000	0.00	0	UNKNOWN	INITIALIZING	0.6716	0.5927	0.6340	0.2551	15
2026.06.13 20:31	BTCUSDm	-0.1130	0.4718	5.9571	5.8974	0.9058	0.3188	0.0000	0.00	0	UNKNOWN	INITIALIZING	0.7342	0.5897	0.6340	0.2550	15
2026.06.13 20:32	BTCUSDm	-0.1164	0.4709	5.9529	5.8867	0.9059	0.3186	0.0000	0.00	0	UNKNOWN	INITIALIZING	0.7565	0.5887	0.6341	0.2549	15
2026.06.13 20:33	BTCUSDm	-0.1170	0.4708	5.9488	5.8849	0.9060	0.3185	0.0000	0.00	0	UNKNOWN	INITIALIZING	0.7602	0.5885	0.6342	0.2548	15
2026.06.13 20:34	BTCUSDm	-0.1130	0.4718	5.9457	5.8972	0.9059	0.3184	0.0000	0.00	0	UNKNOWN	INITIALIZING	0.7345	0.5897	0.6341	0.2547	15
2026.06.13 20:35	BTCUSDm	-0.1128	0.4718	5.9428	5.8980	0.9057	0.3183	0.0000	0.00	0	UNKNOWN	INITIALIZING	0.7330	0.5898	0.6340	0.2546	15
2026.06.13 20:36	BTCUSDm	-0.1125	0.4719	5.9402	5.8988	0.9056	0.3182	0.0000	0.00	0	UNKNOWN	INITIALIZING	0.7314	0.5899	0.6339	0.2545	15
2026.06.13 20:37	BTCUSDm	-0.0927	0.4768	5.9414	5.9606	0.9047	0.3182	0.0000	0.00	0	UNKNOWN	INITIALIZING	0.6024	0.5961	0.6333	0.2545	15
2026.06.13 20:38	BTCUSDm	-0.1136	0.4716	5.9386	5.8953	0.9047	0.3180	0.0000	0.00	0	UNKNOWN	INITIALIZING	0.7385	0.5895	0.6333	0.2544	15
2026.06.13 20:39	BTCUSDm	-0.1110	0.4723	5.9365	5.9034	0.9045	0.3179	0.0000	0.00	0	UNKNOWN	INITIALIZING	0.7216	0.5903	0.6331	0.2544	15
2026.06.13 20:40	BTCUSDm	-0.1130	0.4718	5.9342	5.8973	0.9044	0.3178	0.0000	0.00	0	UNKNOWN	INITIALIZING	0.7343	0.5897	0.6331	0.2543	15
2026.06.13 20:41	BTCUSDm	-0.1124	0.4719	5.9321	5.8992	0.9042	0.3177	0.0000	0.00	0	UNKNOWN	INITIALIZING	0.7304	0.5899	0.6329	0.2542	15
2026.06.13 20:42	BTCUSDm	-0.1066	0.4734	5.9312	5.9171	0.9038	0.3177	0.0000	0.00	0	UNKNOWN	INITIALIZING	0.6930	0.5917	0.6327	0.2541	15
2026.06.13 20:43	BTCUSDm	-0.0823	0.4794	5.9349	5.9929	0.9027	0.3177	0.0000	0.00	0	UNKNOWN	INITIALIZING	0.5352	0.5993	0.6319	0.2542	15
2026.06.13 20:44	BTCUSDm	-0.1113	0.4722	5.9329	5.9024	0.9026	0.3176	0.0000	0.00	0	UNKNOWN	INITIALIZING	0.7237	0.5902	0.6318	0.2541	15
2026.06.13 20:45	BTCUSDm	-0.1122	0.4720	5.9309	5.8998	0.9026	0.3176	0.0000	0.00	0	UNKNOWN	INITIALIZING	0.7293	0.5900	0.6318	0.2540	15
2026.06.13 20:46	BTCUSDm	-0.1086	0.4729	5.9297	5.9110	0.9024	0.3175	0.0000	0.00	0	UNKNOWN	INITIALIZING	0.7059	0.5911	0.6317	0.2540	15
2026.06.13 20:47	BTCUSDm	-0.1101	0.4725	5.9283	5.9062	0.9023	0.3174	0.0000	0.00	0	UNKNOWN	INITIALIZING	0.7157	0.5906	0.6316	0.2539	15
2026.06.13 20:48	BTCUSDm	-0.1103	0.4725	5.9270	5.9058	0.9022	0.3173	0.0000	0.00	0	UNKNOWN	INITIALIZING	0.7167	0.5906	0.6315	0.2539	15
2026.06.13 20:49	BTCUSDm	-0.0977	0.4756	5.9281	5.9448	0.9016	0.3173	0.0000	0.00	0	UNKNOWN	INITIALIZING	0.6354	0.5945	0.6311	0.2539	15
2026.06.13 20:50	BTCUSDm	-0.1112	0.4722	5.9265	5.9029	0.9015	0.3173	0.0000	0.00	0	UNKNOWN	INITIALIZING	0.7226	0.5903	0.6311	0.2538	15
2026.06.13 20:51	BTCUSDm	-0.1127	0.4719	5.9248	5.8982	0.9015	0.3172	0.0000	0.00	0	UNKNOWN	INITIALIZING	0.7326	0.5898	0.6311	0.2537	15
2026.06.13 20:52	BTCUSDm	-0.1126	0.4719	5.9233	5.8985	0.9015	0.3171	0.0000	0.00	0	UNKNOWN	INITIALIZING	0.7319	0.5898	0.6311	0.2537	15
2026.06.13 20:53	BTCUSDm	-0.1016	0.4746	5.9238	5.9327	0.9011	0.3171	0.0000	0.00	0	UNKNOWN	INITIALIZING	0.6605	0.5933	0.6308	0.2537	15
2026.06.13 20:54	BTCUSDm	-0.0907	0.4773	5.9264	5.9669	0.9003	0.3171	0.0000	0.00	0	UNKNOWN	INITIALIZING	0.5893	0.5967	0.6302	0.2537	15
2026.06.13 20:55	BTCUSDm	-0.1134	0.4717	5.9246	5.8959	0.9004	0.3170	0.0000	0.00	0	UNKNOWN	INITIALIZING	0.7374	0.5896	0.6303	0.2536	15
2026.06.13 20:56	BTCUSDm	-0.1009	0.4748	5.9252	5.9351	0.9001	0.3170	0.0000	0.00	0	UNKNOWN	INITIALIZING	0.6556	0.5935	0.6301	0.2536	15
2026.06.13 20:57	BTCUSDm	-0.1098	0.4726	5.9241	5.9073	0.9001	0.3170	0.0000	0.00	0	UNKNOWN	INITIALIZING	0.7136	0.5907	0.6301	0.2536	15
2026.06.13 20:58	BTCUSDm	-0.1108	0.4723	5.9229	5.9041	0.9001	0.3169	0.0000	0.00	0	UNKNOWN	INITIALIZING	0.7202	0.5904	0.6301	0.2535	15
2026.06.13 20:59	BTCUSDm	-0.1138	0.4716	5.9212	5.8947	0.9002	0.3168	0.0000	0.00	0	UNKNOWN	INITIALIZING	0.7398	0.5895	0.6301	0.2535	15
2026.06.13 21:00	BTCUSDm	-0.0611	0.4847	5.9295	6.0592	0.8985	0.3170	0.0000	0.00	0	UNKNOWN	INITIALIZING	0.3971	0.6059	0.6290	0.2536	15
2026.06.13 21:01	BTCUSDm	-0.1127	0.4719	5.9276	5.8982	0.8988	0.3169	0.0000	0.00	0	UNKNOWN	INITIALIZING	0.7326	0.5898	0.6292	0.2536	15
2026.06.13 21:02	BTCUSDm	-0.1138	0.4716	5.9257	5.8948	0.8990	0.3169	0.0000	0.00	0	UNKNOWN	INITIALIZING	0.7397	0.5895	0.6293	0.2535	15
2026.06.13 21:03	BTCUSDm	-0.1095	0.4727	5.9246	5.9082	0.8991	0.3168	0.0000	0.00	0	UNKNOWN	INITIALIZING	0.7117	0.5908	0.6294	0.2534	15
2026.06.13 21:04	BTCUSDm	-0.1116	0.4721	5.9232	5.9017	0.8992	0.3167	0.0000	0.00	0	UNKNOWN	INITIALIZING	0.7252	0.5902	0.6295	0.2534	15
2026.06.13 21:05	BTCUSDm	-0.0981	0.4755	5.9245	5.9435	0.8989	0.3168	0.0000	0.00	0	UNKNOWN	INITIALIZING	0.6379	0.5944	0.6292	0.2534	15
2026.06.13 21:06	BTCUSDm	-0.1080	0.4730	5.9237	5.9127	0.8989	0.3167	0.0000	0.00	0	UNKNOWN	INITIALIZING	0.7023	0.5913	0.6292	0.2534	15
2026.06.13 21:07	BTCUSDm	-0.0950	0.4763	5.9255	5.9533	0.8985	0.3167	0.0000	0.00	0	UNKNOWN	INITIALIZING	0.6176	0.5953	0.6289	0.2534	15
2026.06.13 21:08	BTCUSDm	-0.1111	0.4722	5.9242	5.9030	0.8986	0.3167	0.0000	0.00	0	UNKNOWN	INITIALIZING	0.7225	0.5903	0.6290	0.2533	15
2026.06.13 21:09	BTCUSDm	-0.1048	0.4738	5.9241	5.9229	0.8985	0.3167	0.0000	0.00	0	UNKNOWN	INITIALIZING	0.6809	0.5923	0.6290	0.2533	15
2026.06.13 21:10	BTCUSDm	-0.1127	0.4718	5.9225	5.8981	0.8987	0.3166	0.0000	0.00	0	UNKNOWN	INITIALIZING	0.7328	0.5898	0.6291	0.2533	15
2026.06.13 21:11	BTCUSDm	-0.1136	0.4716	5.9209	5.8953	0.8989	0.3165	0.0000	0.00	0	UNKNOWN	INITIALIZING	0.7386	0.5895	0.6293	0.2532	15
2026.06.13 21:12	BTCUSDm	-0.1108	0.4723	5.9199	5.9040	0.8990	0.3165	0.0000	0.00	0	UNKNOWN	INITIALIZING	0.7205	0.5904	0.6293	0.2532	15
2026.06.13 21:13	BTCUSDm	-0.1112	0.4722	5.9189	5.9030	0.8991	0.3164	0.0000	0.00	0	UNKNOWN	INITIALIZING	0.7225	0.5903	0.6293	0.2531	15
2026.06.13 21:14	BTCUSDm	-0.1112	0.4722	5.9179	5.9027	0.8991	0.3164	0.0000	0.00	0	UNKNOWN	INITIALIZING	0.7231	0.5903	0.6294	0.2531	15
2026.06.13 21:15	BTCUSDm	-0.0224	0.4944	5.9336	6.1799	0.8963	0.3168	0.0000	0.00	0	UNKNOWN	INITIALIZING	0.1458	0.6180	0.6274	0.2534	15
2026.06.13 21:16	BTCUSDm	-0.0506	0.4874	5.9431	6.0920	0.8947	0.3170	0.0000	0.00	0	UNKNOWN	INITIALIZING	0.3287	0.6092	0.6263	0.2536	15
2026.06.13 21:17	BTCUSDm	-0.1111	0.4722	5.9407	5.9030	0.8954	0.3170	0.0000	0.00	0	UNKNOWN	INITIALIZING	0.7224	0.5903	0.6268	0.2536	15
2026.06.13 21:18	BTCUSDm	-0.0973	0.4757	5.9411	5.9462	0.8955	0.3170	0.0000	0.00	0	UNKNOWN	INITIALIZING	0.6324	0.5946	0.6268	0.2536	15
2026.06.13 21:19	BTCUSDm	-0.0672	0.4832	5.9470	6.0400	0.8946	0.3171	0.0000	0.00	0	UNKNOWN	INITIALIZING	0.4369	0.6040	0.6262	0.2537	15
2026.06.13 21:20	BTCUSDm	-0.1139	0.4716	5.9438	5.8944	0.8954	0.3170	0.0000	0.00	0	UNKNOWN	INITIALIZING	0.7405	0.5894	0.6268	0.2536	15
2026.06.13 21:21	BTCUSDm	-0.1085	0.4729	5.9419	5.9113	0.8959	0.3170	0.0000	0.00	0	UNKNOWN	INITIALIZING	0.7051	0.5911	0.6271	0.2536	15
2026.06.13 21:22	BTCUSDm	-0.1087	0.4728	5.9400	5.9105	0.8964	0.3169	0.0000	0.00	0	UNKNOWN	INITIALIZING	0.7068	0.5911	0.6275	0.2535	15
2026.06.13 21:23	BTCUSDm	-0.1126	0.4719	5.9375	5.8986	0.8969	0.3169	0.0000	0.00	0	UNKNOWN	INITIALIZING	0.7316	0.5899	0.6279	0.2535	15
2026.06.13 21:24	BTCUSDm	-0.1107	0.4724	5.9355	5.9045	0.8973	0.3168	0.0000	0.00	0	UNKNOWN	INITIALIZING	0.7193	0.5905	0.6281	0.2534	15
2026.06.13 21:25	BTCUSDm	-0.1023	0.4744	5.9352	5.9306	0.8974	0.3168	0.0000	0.00	0	UNKNOWN	INITIALIZING	0.6650	0.5931	0.6282	0.2534	15
2026.06.13 21:26	BTCUSDm	1.0280	0.7365	6.1315	9.2065	0.8748	0.3220	0.0000	0.00	0	UNKNOWN	INITIALIZING	6.6817	0.9206	0.6123	0.2576	15
2026.06.13 21:27	BTCUSDm	-0.3309	0.4180	6.0771	5.2253	0.8877	0.3207	0.0000	0.00	0	UNKNOWN	INITIALIZING	2.1509	0.5225	0.6214	0.2566	15
