time;close;volume;A_context;energy;omega;fatigue;persistence;discharge;bars_since_discharge;state
2026.06.12 03:10;160.289;4;-0.413087;0.398172;0.002611;0.007963;0.238903;false;0;HOMEOSTASIS
2026.06.12 03:11;160.288;3;-0.190129;0.452611;0.005716;0.016920;0.502108;false;0;HOMEOSTASIS
2026.06.12 03:12;160.289;1;-0.339045;0.416041;0.008726;0.025038;0.734159;false;0;HOMEOSTASIS
2026.06.12 03:14;160.283;10;0.270480;0.567211;0.012848;0.036082;1.048790;false;0;HOMEOSTASIS
2026.06.12 03:15;160.282;9;0.259826;0.564593;0.017115;0.046941;1.350838;false;0;HOMEOSTASIS
2026.06.12 03:16;160.289;14;0.293901;0.572951;0.021585;0.057836;1.647329;false;0;HOMEOSTASIS
2026.06.12 03:17;160.284;8;0.267837;0.566562;0.026150;0.068473;1.929610;false;0;HOMEOSTASIS
2026.06.12 03:18;160.279;3;-0.281075;0.430190;0.029943;0.076256;2.120188;false;0;HOMEOSTASIS
2026.06.12 03:19;160.280;3;-0.015129;0.496218;0.034234;0.085265;2.343712;false;0;HOMEOSTASIS
2026.06.12 03:20;160.280;4;-0.108055;0.473012;0.038452;0.093702;2.545490;false;0;HOMEOSTASIS
2026.06.12 03:21;160.275;5;-0.384508;0.405040;0.042288;0.100678;2.699421;false;0;HOMEOSTASIS
2026.06.12 03:22;160.266;9;-0.691525;0.333694;0.045687;0.106144;2.805158;false;0;HOMEOSTASIS
2026.06.12 03:23;160.266;7;-0.636357;0.346070;0.049169;0.111792;2.914620;false;0;HOMEOSTASIS
2026.06.12 03:24;160.256;17;-0.679806;0.336305;0.052590;0.117176;3.014391;false;0;ACCUMULATION
2026.06.12 03:25;160.251;12;-0.798252;0.310400;0.055838;0.121978;3.095127;false;0;ACCUMULATION
2026.06.12 03:26;160.251;8;-0.751265;0.320546;0.059137;0.126925;3.179125;false;0;ACCUMULATION
2026.06.12 03:27;160.255;33;-0.515728;0.373852;0.062772;0.132879;3.292166;false;0;ACCUMULATION
2026.06.12 03:28;160.262;23;-0.255115;0.436565;0.066821;0.140016;3.438879;false;0;ACCUMULATION
2026.06.12 03:29;160.252;9;-0.657585;0.341282;0.070265;0.145162;3.523288;false;0;ACCUMULATION
2026.06.12 03:30;160.243;16;-0.835140;0.302559;0.073439;0.149471;3.581509;false;0;ACCUMULATION
2026.06.12 03:31;160.229;41;-0.885832;0.291971;0.076511;0.153517;3.631338;false;0;ACCUMULATION
2026.06.12 03:32;160.213;18;-0.927918;0.283347;0.079489;0.157341;3.674250;false;0;ACCUMULATION
2026.06.12 03:33;160.225;22;-0.858071;0.297742;0.082522;0.161408;3.724296;false;0;ACCUMULATION
2026.06.12 03:34;160.209;17;-0.892885;0.290515;0.085473;0.165281;3.768255;false;0;ACCUMULATION
2026.06.12 03:35;160.217;24;-0.835516;0.302480;0.088463;0.169348;3.817854;false;0;ACCUMULATION
2026.06.12 03:36;160.218;10;-0.867325;0.295811;0.091376;0.173232;3.861716;false;0;ACCUMULATION
2026.06.12 03:37;160.222;18;-0.809306;0.308038;0.094332;0.177314;3.911379;false;0;ACCUMULATION
2026.06.12 03:38;160.220;9;-0.782959;0.313682;0.097291;0.181460;3.962690;false;0;ACCUMULATION
2026.06.12 03:39;160.227;7;-0.733503;0.324427;0.100290;0.185771;4.018652;false;0;ACCUMULATION
2026.06.12 03:40;160.226;5;-0.740638;0.322865;0.103249;0.189999;4.071718;false;0;ACCUMULATION
2026.06.12 03:41;160.227;8;-0.682208;0.335769;0.106263;0.194434;4.130669;false;0;ACCUMULATION
2026.06.12 03:42;160.224;6;-0.616801;0.350509;0.109348;0.199111;4.196401;false;0;ACCUMULATION
2026.06.12 03:43;160.216;7;-0.705326;0.330632;0.112279;0.203334;4.247906;false;0;ACCUMULATION
2026.06.12 03:44;160.216;9;-0.603310;0.353587;0.115331;0.207966;4.311382;false;0;ACCUMULATION
2026.06.12 03:45;160.232;15;0.037471;0.509367;0.119381;0.215658;4.466103;false;0;ACCUMULATION
2026.06.12 03:46;160.233;1;0.081231;0.520297;0.123533;0.223476;4.621968;false;0;ACCUMULATION
2026.06.12 03:47;160.240;21;0.277666;0.568974;0.128030;0.232174;4.801583;false;0;ACCUMULATION
2026.06.12 03:48;160.248;9;0.303602;0.575323;0.132609;0.240894;4.978721;false;0;ACCUMULATION
2026.06.12 03:49;160.250;12;0.915070;0.714036;0.138132;0.252284;5.232888;false;0;ACCUMULATION
2026.06.12 03:50;160.252;23;0.963798;0.723882;0.143796;0.263734;5.484066;false;0;ACCUMULATION
2026.06.12 03:51;160.251;7;-0.323346;0.419861;0.147536;0.268967;5.544040;false;0;ACCUMULATION
2026.06.12 03:52;160.243;6;-0.579898;0.358956;0.150832;0.272918;5.565372;false;0;ACCUMULATION
2026.06.12 03:53;160.239;8;0.031023;0.507755;0.155040;0.279798;5.675237;false;0;ACCUMULATION
2026.06.12 03:54;160.229;14;-0.341062;0.415551;0.158629;0.284752;5.725935;false;0;ACCUMULATION
2026.06.12 03:55;160.232;8;-0.144828;0.463856;0.162488;0.290612;5.803841;false;0;ACCUMULATION
2026.06.12 03:56;160.229;7;0.207318;0.551645;0.166892;0.298157;5.931693;false;0;ACCUMULATION
2026.06.12 03:57;160.233;8;0.136108;0.533975;0.171177;0.305259;6.044469;false;0;ACCUMULATION
2026.06.12 03:58;160.229;7;0.249354;0.562017;0.175635;0.312836;6.170123;false;0;ACCUMULATION
2026.06.12 03:59;160.227;17;0.322186;0.579857;0.180203;0.320679;6.302083;false;0;ACCUMULATION
2026.06.12 04:00;160.229;10;0.356684;0.588238;0.184824;0.328596;6.434452;false;0;ACCUMULATION
2026.06.12 04:01;160.229;6;0.337735;0.583640;0.189411;0.336326;6.559431;false;0;ACCUMULATION
2026.06.12 04:02;160.231;6;0.334273;0.582799;0.193984;0.343946;6.679530;false;0;ACCUMULATION
2026.06.12 04:03;160.240;15;-0.538862;0.368452;0.197137;0.347187;6.666817;false;0;ACCUMULATION
2026.06.12 04:04;160.242;3;-0.608360;0.352433;0.200096;0.350070;6.644939;false;0;ACCUMULATION
2026.06.12 04:05;160.252;9;-0.453645;0.388494;0.203199;0.353639;6.645463;false;0;ACCUMULATION
2026.06.12 04:06;160.261;9;-0.648065;0.343426;0.205930;0.356264;6.618927;false;0;ACCUMULATION
2026.06.12 04:07;160.264;11;-0.587465;0.357217;0.208660;0.359133;6.601595;false;0;ACCUMULATION
2026.06.12 04:08;160.262;17;-0.099367;0.475179;0.212082;0.364327;6.655646;false;0;ACCUMULATION
2026.06.12 04:09;160.259;13;0.350767;0.586803;0.216198;0.371691;6.774780;false;0;ACCUMULATION
2026.06.12 04:10;160.253;8;0.238837;0.559427;0.220132;0.378419;6.873319;false;0;ACCUMULATION
2026.06.12 04:11;160.252;3;0.211091;0.552578;0.224008;0.384930;6.964300;false;0;ACCUMULATION
2026.06.12 04:12;160.251;2;0.179203;0.544681;0.227813;0.391204;7.047358;false;0;ACCUMULATION
2026.06.12 04:13;160.239;12;0.208608;0.551964;0.231643;0.397549;7.131879;false;0;ACCUMULATION
2026.06.12 04:14;160.230;8;0.161067;0.540180;0.235372;0.403582;7.206371;false;0;ACCUMULATION
2026.06.12 04:15;160.233;10;0.175428;0.543745;0.239095;0.409614;7.280395;false;0;ACCUMULATION
2026.06.12 04:16;160.240;4;0.026085;0.506521;0.242545;0.414829;7.329494;false;0;ACCUMULATION
2026.06.12 04:17;160.249;13;-0.336896;0.416564;0.245362;0.418182;7.322899;false;0;ACCUMULATION
2026.06.12 04:18;160.244;3;-0.299433;0.425696;0.248164;0.421678;7.322016;false;0;ACCUMULATION
2026.06.12 04:19;160.250;9;-0.642037;0.344786;0.250366;0.423514;7.272617;false;0;ACCUMULATION
2026.06.12 04:20;160.250;8;-0.590318;0.356562;0.252550;0.425563;7.232012;false;0;ACCUMULATION
2026.06.12 04:21;160.250;2;-0.600641;0.354197;0.254632;0.427540;7.191410;false;0;ACCUMULATION
2026.06.12 04:22;160.256;9;-0.685438;0.335049;0.256504;0.429110;7.140740;false;0;ACCUMULATION
2026.06.12 04:23;160.251;7;-0.080035;0.480002;0.259240;0.433561;7.178815;false;0;ACCUMULATION
2026.06.12 04:24;160.249;2;0.026093;0.506523;0.262115;0.438489;7.231470;false;0;ACCUMULATION
2026.06.12 04:26;160.244;10;0.031673;0.507918;0.264975;0.443385;7.283119;false;0;ACCUMULATION
2026.06.12 04:27;160.249;11;-0.162897;0.459366;0.267492;0.447252;7.303830;false;0;ACCUMULATION
2026.06.12 04:28;160.252;10;-0.172059;0.457091;0.269951;0.451027;7.322450;false;0;ACCUMULATION
2026.06.12 04:29;160.250;10;-0.219726;0.445289;0.272289;0.454520;7.333338;false;0;ACCUMULATION
2026.06.12 04:30;160.251;7;-0.069893;0.482534;0.274826;0.458717;7.366191;false;0;ACCUMULATION
2026.06.12 04:31;160.243;3;-0.111120;0.472249;0.277262;0.462657;7.391723;false;0;ACCUMULATION
2026.06.12 04:32;160.241;7;-0.186238;0.453575;0.279539;0.466177;7.405158;false;0;ACCUMULATION
2026.06.12 04:33;160.248;20;0.054162;0.513537;0.282168;0.470853;7.454100;false;0;ACCUMULATION
2026.06.12 04:34;160.243;13;0.058892;0.514719;0.284782;0.475497;7.502038;false;0;ACCUMULATION
2026.06.12 04:35;160.242;12;-0.133077;0.466780;0.287061;0.479127;7.519534;false;0;ACCUMULATION
2026.06.12 04:36;160.253;6;-0.592039;0.356167;0.288575;0.480501;7.470051;false;0;ACCUMULATION
2026.06.12 04:37;160.249;4;0.052537;0.513131;0.291042;0.484997;7.516478;false;0;ACCUMULATION
2026.06.12 04:38;160.247;16;0.072692;0.518165;0.293522;0.489541;7.564300;false;0;ACCUMULATION
2026.06.12 04:39;160.246;8;0.108300;0.527049;0.296043;0.494207;7.615778;false;0;ACCUMULATION
2026.06.12 04:40;160.238;7;-0.135208;0.466249;0.298149;0.497602;7.628976;false;0;ACCUMULATION
2026.06.12 04:41;160.230;8;-0.587136;0.357292;0.299503;0.498776;7.576337;false;0;ACCUMULATION
2026.06.12 04:42;160.228;1;-0.653355;0.342234;0.300682;0.499636;7.516506;false;0;ACCUMULATION
2026.06.12 04:43;160.232;6;-0.715375;0.328412;0.301695;0.500208;7.450475;false;0;ACCUMULATION
2026.06.12 04:44;160.239;10;-0.147644;0.463156;0.303513;0.503469;7.467602;false;0;ACCUMULATION
2026.06.12 04:45;160.240;5;0.097339;0.524316;0.305705;0.507914;7.520826;false;0;ACCUMULATION
2026.06.12 04:46;160.238;10;0.094145;0.523519;0.307887;0.512289;7.571708;false;0;ACCUMULATION
2026.06.12 04:47;160.229;11;-0.595564;0.355359;0.308957;0.513249;7.519914;false;0;ACCUMULATION
2026.06.12 04:48;160.226;17;-0.734121;0.324291;0.309757;0.513576;7.451291;false;0;ACCUMULATION
2026.06.12 04:49;160.227;16;-0.643156;0.344534;0.310616;0.514303;7.397216;false;0;ACCUMULATION
2026.06.12 04:50;160.232;10;-0.497348;0.378164;0.311632;0.515695;7.365212;false;0;ACCUMULATION
2026.06.12 04:51;160.238;7;0.244817;0.560900;0.313798;0.520725;7.443970;false;0;ACCUMULATION
2026.06.12 04:52;160.229;17;0.050623;0.512653;0.315664;0.524729;7.491023;false;0;ACCUMULATION
2026.06.12 04:53;160.236;7;-0.038609;0.490349;0.317381;0.528239;7.523047;false;0;ACCUMULATION
2026.06.12 04:54;160.238;3;0.131936;0.532936;0.319366;0.532559;7.579502;false;0;ACCUMULATION
2026.06.12 04:55;160.250;12;0.128341;0.532041;0.321347;0.536809;7.633444;false;0;ACCUMULATION
2026.06.12 04:56;160.244;14;0.188816;0.547064;0.323427;0.541309;7.694512;false;0;ACCUMULATION
2026.06.12 04:57;160.250;8;0.218072;0.554303;0.325557;0.545899;7.757786;false;0;ACCUMULATION
2026.06.12 04:58;160.256;14;0.198747;0.549524;0.327661;0.550339;7.815978;false;0;ACCUMULATION
2026.06.12 04:59;160.254;7;0.187347;0.546700;0.329746;0.554669;7.870439;false;0;ACCUMULATION
2026.06.12 05:00;160.248;38;0.432304;0.606424;0.332221;0.560141;7.958827;false;0;ACCUMULATION
2026.06.12 05:01;160.251;6;-0.508140;0.375630;0.333199;0.560932;7.905646;false;0;ACCUMULATION
2026.06.12 05:02;160.248;11;-0.428701;0.394437;0.334234;0.562090;7.865611;false;0;ACCUMULATION
2026.06.12 05:03;160.241;15;0.562400;0.637008;0.336804;0.568085;7.972519;false;0;ACCUMULATION
2026.06.12 05:04;160.244;5;0.517607;0.626588;0.339335;0.573800;8.069433;false;0;ACCUMULATION
2026.06.12 05:05;160.241;12;0.569515;0.638651;0.341969;0.579687;8.170194;false;0;ACCUMULATION
2026.06.12 05:06;160.252;15;0.040039;0.510008;0.343781;0.582931;8.190242;false;0;ACCUMULATION
2026.06.12 05:07;160.256;16;-0.629375;0.347652;0.344504;0.582889;8.112175;false;0;ACCUMULATION
2026.06.12 05:08;160.255;6;-0.712864;0.328966;0.345024;0.582473;8.025629;false;0;ACCUMULATION
2026.06.12 05:09;160.253;7;-0.665023;0.339612;0.345531;0.582276;7.948499;false;0;ACCUMULATION
2026.06.12 05:10;160.252;10;-0.450918;0.389143;0.346289;0.583072;7.903787;false;0;ACCUMULATION
2026.06.12 05:11;160.263;41;-0.527226;0.371164;0.346876;0.583498;7.849853;false;0;ACCUMULATION
2026.06.12 05:12;160.256;16;-0.592738;0.356007;0.347307;0.583616;7.788712;false;0;ACCUMULATION
2026.06.12 05:13;160.254;13;-0.170069;0.457585;0.348346;0.585764;7.790658;false;0;ACCUMULATION
2026.06.12 05:14;160.264;15;-0.505557;0.376236;0.348831;0.586260;7.743727;false;0;ACCUMULATION
2026.06.12 05:15;160.275;12;-0.469342;0.384772;0.349325;0.586920;7.703559;false;0;ACCUMULATION
2026.06.12 05:16;160.283;14;-0.791567;0.311832;0.349298;0.586114;7.621034;false;0;ACCUMULATION
2026.06.12 05:17;160.288;6;-0.778732;0.314593;0.349224;0.585372;7.543054;false;0;ACCUMULATION
2026.06.12 05:18;160.282;27;-0.461550;0.386618;0.349563;0.586080;7.511018;false;0;ACCUMULATION
2026.06.12 05:19;160.268;17;0.375933;0.592892;0.351224;0.590905;7.603867;false;0;ACCUMULATION
2026.06.12 05:20;160.270;11;-0.357167;0.411646;0.351737;0.592047;7.584719;false;0;ACCUMULATION
2026.06.12 05:21;160.270;4;-0.202840;0.449463;0.352474;0.593932;7.588932;false;0;ACCUMULATION
2026.06.12 05:22;160.265;4;-0.089799;0.477565;0.353384;0.596356;7.609859;false;0;ACCUMULATION
2026.06.12 05:23;160.276;7;-0.770675;0.316333;0.353237;0.595526;7.533314;false;0;ACCUMULATION
2026.06.12 05:24;160.278;2;-0.758109;0.319057;0.353050;0.594761;7.461082;false;0;ACCUMULATION
2026.06.12 05:25;160.280;12;-0.838753;0.301797;0.352698;0.593660;7.381022;false;0;ACCUMULATION
2026.06.12 05:26;160.288;7;-0.810243;0.307839;0.352331;0.592693;7.307390;false;0;ACCUMULATION
2026.06.12 05:27;160.297;12;-0.891123;0.290878;0.351804;0.591398;7.226158;false;0;ACCUMULATION
2026.06.12 05:28;160.284;12;-0.652541;0.342417;0.351564;0.591150;7.178693;false;0;ACCUMULATION
2026.06.12 05:29;160.279;9;-0.555045;0.364695;0.351440;0.591350;7.146256;false;0;ACCUMULATION
2026.06.12 05:30;160.282;14;-0.655570;0.341736;0.351146;0.591088;7.101178;false;0;ACCUMULATION
2026.06.12 05:31;160.283;14;-0.389778;0.403771;0.351233;0.592071;7.094899;false;0;ACCUMULATION
2026.06.12 05:32;160.281;17;-0.589213;0.356815;0.351009;0.592102;7.060667;false;0;ACCUMULATION
2026.06.12 05:33;160.281;9;-0.661572;0.340387;0.350658;0.591805;7.017775;false;0;ACCUMULATION
2026.06.12 05:34;160.288;13;-0.568068;0.361683;0.350423;0.591937;6.989163;false;0;ACCUMULATION
2026.06.12 05:35;160.290;6;-0.077867;0.480543;0.350955;0.594444;7.032868;false;0;ACCUMULATION
2026.06.12 05:36;160.291;10;0.564284;0.637443;0.352543;0.600060;7.169184;false;0;ACCUMULATION
2026.06.12 05:37;160.294;8;0.597919;0.645180;0.354262;0.605763;7.305370;false;0;ACCUMULATION
2026.06.12 05:38;160.294;10;0.131397;0.532802;0.355320;0.609150;7.369364;false;0;ACCUMULATION
2026.06.12 05:39;160.296;5;-0.814520;0.306928;0.354928;0.607978;7.295593;false;0;ACCUMULATION
2026.06.12 05:40;160.297;9;-0.793003;0.311524;0.354518;0.606913;7.227162;false;0;ACCUMULATION
2026.06.12 05:41;160.297;5;-0.787449;0.312717;0.354071;0.605884;7.161841;false;0;ACCUMULATION
2026.06.12 05:42;160.295;7;-0.840418;0.301447;0.353511;0.604643;7.092045;false;0;ACCUMULATION
2026.06.12 05:43;160.293;4;-0.391244;0.403418;0.353577;0.605455;7.085874;false;0;ACCUMULATION
2026.06.12 05:44;160.293;5;-0.231533;0.442374;0.353897;0.607037;7.103293;false;0;ACCUMULATION
2026.06.12 05:45;160.296;4;-0.354286;0.412344;0.354029;0.608000;7.102084;false;0;ACCUMULATION
2026.06.12 05:46;160.293;7;0.299953;0.574431;0.355224;0.612192;7.198169;false;0;ACCUMULATION
2026.06.12 05:47;160.307;20;0.376188;0.592953;0.356596;0.616705;7.302005;false;0;ACCUMULATION
2026.06.12 05:48;160.317;16;-0.882833;0.292591;0.356055;0.615157;7.221990;false;0;ACCUMULATION
2026.06.12 05:49;160.316;8;-0.944915;0.279909;0.355380;0.613373;7.137165;false;0;ACCUMULATION
2026.06.12 05:50;160.330;17;-1.050185;0.259190;0.354518;0.611196;7.042878;false;0;ACCUMULATION
2026.06.12 05:51;160.333;8;-1.072276;0.254971;0.353573;0.608961;6.949360;false;0;ACCUMULATION
2026.06.12 05:52;160.332;4;-1.098199;0.250077;0.352544;0.606655;6.856179;false;0;ACCUMULATION
2026.06.12 05:53;160.333;12;-1.094303;0.250809;0.351470;0.604392;6.766698;false;0;ACCUMULATION
2026.06.12 05:54;160.336;9;-1.068802;0.255631;0.350383;0.602252;6.683242;false;0;ACCUMULATION
2026.06.12 05:55;160.334;1;-1.043660;0.260445;0.349288;0.600233;6.605595;false;0;ACCUMULATION
2026.06.12 05:56;160.330;12;-0.987313;0.271443;0.348230;0.598459;6.537265;false;0;ACCUMULATION
2026.06.12 05:57;160.341;11;-1.047071;0.259788;0.347068;0.596474;6.464334;false;0;ACCUMULATION
2026.06.12 05:58;160.343;11;-1.052913;0.258666;0.345870;0.594489;6.393282;false;0;ACCUMULATION
2026.06.12 05:59;160.340;6;-1.004419;0.268073;0.344707;0.592717;6.330361;false;0;ACCUMULATION
2026.06.12 06:00;160.318;23;-0.504833;0.376406;0.344234;0.593132;6.334642;false;0;ACCUMULATION
2026.06.12 06:01;160.316;4;-0.412740;0.398255;0.343924;0.593980;6.351882;false;0;ACCUMULATION
2026.06.12 06:02;160.319;11;-0.597697;0.354871;0.343356;0.593950;6.342489;false;0;ACCUMULATION
2026.06.12 06:03;160.313;20;-0.355081;0.412151;0.343173;0.595065;6.367792;false;0;ACCUMULATION
2026.06.12 06:04;160.309;18;-0.013753;0.496562;0.343573;0.597856;6.442857;false;0;ACCUMULATION
2026.06.12 06:05;160.314;30;-0.019753;0.495062;0.344020;0.600583;6.514394;false;0;ACCUMULATION
2026.06.12 06:06;160.317;19;-0.308927;0.423377;0.344049;0.601843;6.540416;false;0;ACCUMULATION
2026.06.12 06:07;160.321;18;0.461102;0.613276;0.345348;0.606887;6.679467;false;0;ACCUMULATION
2026.06.12 06:08;160.313;18;1.232487;0.774254;0.347791;0.615089;6.910238;false;0;ACCUMULATION
2026.06.12 06:09;160.317;14;1.353284;0.794666;0.350505;0.623601;7.145179;false;0;ACCUMULATION
2026.06.12 06:10;160.314;24;0.383066;0.594612;0.352040;0.628010;7.251865;false;0;ACCUMULATION
2026.06.12 06:11;160.290;38;-0.724219;0.326465;0.351870;0.627003;7.193929;false;0;ACCUMULATION
2026.06.12 06:12;160.300;22;-0.378665;0.406449;0.352182;0.627608;7.186010;false;0;ACCUMULATION
2026.06.12 06:13;160.302;15;-0.328963;0.418493;0.352560;0.628447;7.185596;false;0;ACCUMULATION
2026.06.12 06:14;160.300;6;-0.527457;0.371110;0.352620;0.628328;7.156766;false;0;ACCUMULATION
2026.06.12 06:15;160.302;15;-0.324874;0.419488;0.352973;0.629178;7.157972;false;0;ACCUMULATION
2026.06.12 06:16;160.287;27;-0.647073;0.343649;0.352823;0.628501;7.113633;false;0;ACCUMULATION
2026.06.12 06:17;160.294;15;-0.728788;0.325461;0.352521;0.627468;7.059932;false;0;ACCUMULATION
2026.06.12 06:18;160.285;26;-0.885720;0.291994;0.351964;0.625778;6.988031;false;0;ACCUMULATION
2026.06.12 06:19;160.279;8;-0.919075;0.285146;0.351317;0.623972;6.914538;false;0;ACCUMULATION
2026.06.12 06:20;160.290;16;0.046990;0.511745;0.352112;0.626719;6.979576;false;0;ACCUMULATION
2026.06.12 06:21;160.285;19;-0.050863;0.487287;0.352785;0.628944;7.027663;false;0;ACCUMULATION
2026.06.12 06:22;160.280;15;-0.388067;0.404183;0.352938;0.629480;7.024205;false;0;ACCUMULATION
2026.06.12 06:23;160.281;18;-0.072552;0.481870;0.353595;0.631564;7.067479;false;0;ACCUMULATION
2026.06.12 06:24;160.287;10;0.696475;0.667406;0.355492;0.637333;7.220561;false;0;ACCUMULATION
2026.06.12 06:25;160.277;22;-0.372063;0.408043;0.355772;0.637846;7.212667;false;0;ACCUMULATION
2026.06.12 06:26;160.278;14;-0.464829;0.385841;0.355894;0.637909;7.191728;false;0;ACCUMULATION
2026.06.12 06:27;160.271;28;-0.743523;0.322234;0.355580;0.636699;7.133358;false;0;ACCUMULATION
2026.06.12 06:28;160.256;25;-0.862247;0.296870;0.355059;0.634996;7.061813;false;0;ACCUMULATION
2026.06.12 06:29;160.258;15;-0.892433;0.290608;0.354452;0.633188;6.989014;false;0;ACCUMULATION
2026.06.12 06:30;160.272;17;-0.516915;0.373574;0.354344;0.633061;6.968543;false;0;ACCUMULATION
2026.06.12 06:31;160.270;26;0.889498;0.708787;0.356422;0.639640;7.149916;false;0;ACCUMULATION
2026.06.12 06:32;160.280;20;0.873639;0.705502;0.358581;0.646074;7.322970;false;0;ACCUMULATION
2026.06.12 06:33;160.281;22;0.790379;0.687913;0.360720;0.652080;7.479414;false;0;ACCUMULATION
2026.06.12 06:34;160.272;15;0.176997;0.544134;0.361995;0.655137;7.544115;false;0;ACCUMULATION
2026.06.12 06:35;160.282;29;1.118371;0.753686;0.364669;0.662350;7.732283;false;0;ACCUMULATION
2026.06.12 06:36;160.304;20;1.598333;0.831785;0.367949;0.671037;7.960724;false;0;ACCUMULATION
2026.06.12 06:37;160.327;32;-0.014941;0.496265;0.369140;0.672910;7.979857;false;0;ACCUMULATION
2026.06.12 06:38;160.312;44;0.526034;0.628558;0.371186;0.677406;8.077697;false;0;ACCUMULATION
2026.06.12 06:39;160.322;29;-0.300741;0.425376;0.371932;0.677785;8.050203;false;0;ACCUMULATION
2026.06.12 06:40;160.320;22;0.458656;0.612695;0.373865;0.681905;8.136063;false;0;ACCUMULATION
2026.06.12 06:41;160.316;27;0.428481;0.605511;0.375776;0.685833;8.214608;false;0;ACCUMULATION
2026.06.12 06:42;160.311;35;0.546660;0.633360;0.377889;0.690270;8.307113;false;0;ACCUMULATION
2026.06.12 06:43;160.320;24;0.053667;0.513414;0.379241;0.692255;8.324412;false;0;ACCUMULATION
2026.06.12 06:44;160.319;13;0.510408;0.624902;0.381305;0.696446;8.407999;false;0;ACCUMULATION
2026.06.12 06:45;160.312;11;0.241296;0.560033;0.382964;0.699289;8.449739;false;0;ACCUMULATION
2026.06.12 06:46;160.288;34;5.778253;0.996915;0.387482;0.710836;8.752147;false;0;ACCUMULATION
2026.06.12 06:47;160.292;20;1.684381;0.843484;0.391137;0.719176;8.951912;false;0;ACCUMULATION
2026.06.12 06:48;160.294;46;0.165039;0.541166;0.392887;0.721369;8.963295;false;0;ACCUMULATION
2026.06.12 06:49;160.301;21;-0.057241;0.485694;0.394240;0.722426;8.940996;false;0;ACCUMULATION
2026.06.12 06:50;160.298;9;1.099505;0.750167;0.397274;0.728761;9.078161;false;0;ACCUMULATION
2026.06.12 06:51;160.292;17;1.571571;0.828007;0.400859;0.736576;9.257230;false;0;ACCUMULATION
2026.06.12 06:52;160.292;18;4.311295;0.986761;0.405547;0.747472;9.525284;false;0;ACCUMULATION
2026.06.12 06:53;160.289;9;5.107691;0.993986;0.410392;0.758382;9.788291;false;0;ACCUMULATION
2026.06.12 06:54;160.296;26;1.120676;0.754114;0.413765;0.764364;9.898169;false;0;ACCUMULATION
2026.06.12 06:55;160.305;26;1.222277;0.772464;0.417267;0.770641;10.015212;false;0;ACCUMULATION
2026.06.12 06:56;160.308;28;5.088016;0.993868;0.422231;0.781270;10.261000;false;0;ACCUMULATION
2026.06.12 06:57;160.316;29;4.279553;0.986340;0.427230;0.791622;10.493669;false;0;ACCUMULATION
2026.06.12 06:58;160.313;10;4.275988;0.986292;0.432299;0.801848;10.718166;false;0;ACCUMULATION
2026.06.12 06:59;160.312;14;3.961864;0.981328;0.437398;0.811853;10.931827;false;0;ACCUMULATION
2026.06.12 07:00;160.327;25;3.888942;0.979944;0.442541;0.821709;11.137179;false;0;ACCUMULATION
2026.06.12 07:01;160.351;45;-0.027364;0.493160;0.444535;0.821712;11.043273;false;0;ACCUMULATION
2026.06.12 07:02;160.344;57;0.153299;0.538250;0.446694;0.822616;10.979709;false;0;ACCUMULATION
2026.06.12 07:03;160.339;21;1.484276;0.815218;0.450562;0.829049;11.084549;false;0;ACCUMULATION
2026.06.12 07:04;160.341;18;1.071442;0.744871;0.453959;0.833998;11.143513;false;0;ACCUMULATION
2026.06.12 07:05;160.341;18;0.426630;0.605069;0.456404;0.836092;11.116531;false;0;ACCUMULATION
2026.06.12 07:06;160.343;35;-0.586419;0.357457;0.457141;0.833208;10.941927;false;0;ACCUMULATION
2026.06.12 07:07;160.341;15;-0.462529;0.386386;0.457901;0.830937;10.790791;false;0;ACCUMULATION
2026.06.12 07:08;160.350;24;-0.672083;0.338031;0.458197;0.827726;10.615931;false;0;ACCUMULATION
2026.06.12 07:09;160.340;15;-0.235173;0.441476;0.459017;0.826623;10.509260;false;0;ACCUMULATION
2026.06.12 07:10;160.344;9;-0.465699;0.385635;0.459361;0.824416;10.372816;false;0;ACCUMULATION
2026.06.12 07:11;160.334;18;-0.344097;0.414815;0.459774;0.822819;10.258656;false;0;ACCUMULATION
2026.06.12 07:12;160.338;32;-0.423475;0.395685;0.459955;0.820859;10.137015;false;0;ACCUMULATION
2026.06.12 07:13;160.349;37;-0.665889;0.339418;0.459662;0.817797;9.985870;false;0;ACCUMULATION
2026.06.12 07:14;160.349;28;-0.515361;0.373938;0.459477;0.815463;9.860727;false;0;ACCUMULATION
2026.06.12 07:15;160.357;15;-0.514739;0.374083;0.459193;0.813159;9.740052;false;0;ACCUMULATION
2026.06.12 07:16;160.353;17;-0.353169;0.412614;0.459070;0.811653;9.646718;false;0;ACCUMULATION
2026.06.12 07:17;160.359;26;-0.295532;0.426650;0.458966;0.810446;9.565073;false;0;ACCUMULATION
2026.06.12 07:18;160.354;20;-0.191109;0.452368;0.458966;0.809768;9.501716;false;0;ACCUMULATION
2026.06.12 07:19;160.342;17;0.385736;0.595256;0.459853;0.811956;9.526310;false;0;ACCUMULATION
2026.06.12 07:20;160.344;12;1.885606;0.868254;0.462532;0.819578;9.713841;false;0;ACCUMULATION
2026.06.12 07:21;160.343;16;3.924429;0.980629;0.466042;0.829355;9.962234;false;0;ACCUMULATION
2026.06.12 07:22;160.349;16;3.340786;0.965802;0.469581;0.838719;10.193037;false;0;ACCUMULATION
2026.06.12 07:23;160.348;15;3.203000;0.960947;0.473196;0.847873;10.412849;false;0;ACCUMULATION
2026.06.12 07:24;160.353;5;2.240116;0.903795;0.476535;0.855775;10.590676;false;0;ACCUMULATION
2026.06.12 07:25;160.357;14;1.234398;0.774587;0.479095;0.860997;10.684755;false;0;ACCUMULATION
2026.06.12 07:26;160.360;15;0.922131;0.715476;0.481285;0.864975;10.740074;false;0;ACCUMULATION
2026.06.12 07:27;160.354;21;1.750270;0.851987;0.484363;0.871635;10.875364;false;0;ACCUMULATION
2026.06.12 07:28;160.355;12;2.586557;0.929991;0.487992;0.879775;11.052721;false;0;ACCUMULATION
2026.06.12 07:29;160.366;11;-0.023275;0.494182;0.488824;0.879101;10.962384;false;0;ACCUMULATION
2026.06.12 07:30;160.365;17;0.401735;0.599104;0.490248;0.880534;10.938164;false;0;ACCUMULATION
2026.06.12 07:31;160.355;18;0.397365;0.598055;0.491611;0.881929;10.914161;false;0;ACCUMULATION
2026.06.12 07:32;160.361;15;0.130128;0.532486;0.492491;0.881996;10.851657;false;0;ACCUMULATION
2026.06.12 07:33;160.362;8;1.222732;0.772544;0.494872;0.886863;10.935375;false;0;ACCUMULATION
2026.06.12 07:34;160.362;13;1.080137;0.746520;0.497096;0.891151;11.000549;false;0;ACCUMULATION
2026.06.12 07:35;160.352;29;2.045588;0.885501;0.500232;0.898167;11.146830;false;0;ACCUMULATION
2026.06.12 07:36;160.350;22;2.082772;0.889217;0.503440;0.905173;11.290222;false;0;ACCUMULATION
2026.06.12 07:37;160.362;15;1.936375;0.873953;0.354613;0.820611;5.709718;true;0;DISCHARGE
2026.06.12 07:38;160.365;5;1.440421;0.808520;0.357223;0.826934;5.994990;false;1;ACCUMULATION
2026.06.12 07:39;160.360;10;0.180356;0.544967;0.358270;0.827910;6.112145;false;2;ACCUMULATION
2026.06.12 07:40;160.356;13;1.113414;0.752765;0.360740;0.833031;6.349879;false;3;ACCUMULATION
2026.06.12 07:41;160.361;15;0.169710;0.542326;0.361957;0.833881;6.453029;false;4;ACCUMULATION
2026.06.12 07:42;160.350;21;1.704632;0.846139;0.365212;0.840797;6.734856;false;5;ACCUMULATION
2026.06.12 07:43;160.349;8;1.610807;0.833523;0.368530;0.847378;6.999251;false;6;ACCUMULATION
2026.06.12 07:44;160.340;16;0.937296;0.718553;0.371222;0.851580;7.185409;false;7;ACCUMULATION
2026.06.12 07:45;160.338;18;0.121905;0.530439;0.372758;0.851970;7.252183;false;8;ACCUMULATION
2026.06.12 07:46;160.339;21;-0.022618;0.494346;0.374064;0.851634;7.294964;false;9;ACCUMULATION
2026.06.12 07:47;160.352;20;1.817178;0.860227;0.377761;0.858618;7.555776;false;10;ACCUMULATION
2026.06.12 07:48;160.353;5;1.721437;0.848314;0.381496;0.865281;7.800312;false;11;ACCUMULATION
2026.06.12 07:49;160.352;11;0.737327;0.676411;0.384205;0.868426;7.933148;false;12;ACCUMULATION
2026.06.12 07:50;160.352;2;0.792558;0.688380;0.387026;0.871773;8.068516;false;13;ACCUMULATION
2026.06.12 07:51;160.366;21;1.271716;0.781036;0.390486;0.876932;8.254740;false;14;ACCUMULATION
2026.06.12 07:52;160.358;19;1.604089;0.832589;0.394344;0.883061;8.465377;false;15;ACCUMULATION
2026.06.12 07:53;160.355;11;1.624657;0.835436;0.398290;0.889173;8.670351;false;16;ACCUMULATION
2026.06.12 07:54;160.353;16;1.644793;0.838186;0.402318;0.895266;8.869800;false;17;ACCUMULATION
2026.06.12 07:55;160.356;8;1.397827;0.801839;0.406163;0.900560;9.040461;false;18;ACCUMULATION
2026.06.12 07:56;160.333;72;0.441454;0.608605;0.408778;0.901925;9.089208;false;19;ACCUMULATION
2026.06.12 07:57;160.331;77;-0.311644;0.422713;0.410139;0.899557;9.024714;false;20;ACCUMULATION
2026.06.12 07:58;160.272;100;-1.133598;0.243498;0.410224;0.893632;8.854947;false;21;ACCUMULATION
2026.06.12 07:59;160.284;74;-0.902384;0.288561;0.410447;0.888679;8.718161;false;22;ACCUMULATION
2026.06.12 08:00;160.286;50;-0.768813;0.316736;0.410724;0.884350;8.603067;false;23;ACCUMULATION
2026.06.12 08:01;160.283;20;-0.852749;0.298857;0.410770;0.879715;8.481273;false;24;ACCUMULATION
2026.06.12 08:02;160.274;34;-0.806028;0.308738;0.410767;0.875333;8.369671;false;25;ACCUMULATION
2026.06.12 08:03;160.251;47;-0.955225;0.277835;0.410457;0.870386;8.243434;false;26;ACCUMULATION
2026.06.12 08:04;160.239;58;-0.924324;0.284078;0.410081;0.865623;8.125360;false;27;ACCUMULATION
2026.06.12 08:05;160.254;44;-0.730977;0.324980;0.409874;0.861735;8.035961;false;28;ACCUMULATION
2026.06.12 08:06;160.252;41;-0.733017;0.324533;0.409586;0.857885;7.949422;false;29;ACCUMULATION
2026.06.12 08:07;160.256;11;-0.826344;0.304419;0.409093;0.853678;7.853843;false;30;ACCUMULATION
2026.06.12 08:08;160.255;22;-0.818723;0.306035;0.408534;0.849555;7.762580;false;31;ACCUMULATION
2026.06.12 08:09;160.243;30;-0.878512;0.293486;0.407823;0.845230;7.666981;false;32;ACCUMULATION
2026.06.12 08:10;160.258;17;-0.734027;0.324312;0.407244;0.841574;7.593224;false;33;ACCUMULATION
2026.06.12 08:11;160.258;20;-0.853497;0.298700;0.406442;0.837449;7.506681;false;34;ACCUMULATION
2026.06.12 08:12;160.265;37;-0.702248;0.331314;0.405795;0.834026;7.442735;false;35;ACCUMULATION
2026.06.12 08:13;160.243;51;-0.820554;0.305646;0.404936;0.830130;7.365627;false;36;ACCUMULATION
2026.06.12 08:14;160.232;44;-0.854130;0.298567;0.403981;0.826140;7.286971;false;37;ACCUMULATION
2026.06.12 08:15;160.237;40;-0.805947;0.308755;0.403044;0.822401;7.217180;false;38;ACCUMULATION
2026.06.12 08:16;160.154;122;-1.047730;0.259661;0.401745;0.817726;7.120375;false;39;ACCUMULATION
2026.06.12 08:17;160.147;67;-1.062851;0.256765;0.400371;0.813048;7.025221;false;40;ACCUMULATION
2026.06.12 08:18;160.045;252;-1.087773;0.252038;0.398916;0.808333;6.930561;false;41;ACCUMULATION
2026.06.12 08:19;160.062;113;-1.052070;0.258828;0.397456;0.803809;6.843288;false;42;ACCUMULATION
2026.06.12 08:20;160.065;142;-0.998062;0.269323;0.396023;0.799550;6.765366;false;43;ACCUMULATION
2026.06.12 08:21;160.022;150;-1.030849;0.262919;0.394514;0.795214;6.686330;false;44;ACCUMULATION
2026.06.12 08:22;159.990;144;-1.030597;0.262968;0.392971;0.790930;6.610090;false;45;ACCUMULATION
2026.06.12 08:23;160.021;126;-0.860293;0.297278;0.391624;0.787385;6.557104;false;46;ACCUMULATION
2026.06.12 08:24;160.041;47;-0.747935;0.321271;0.390418;0.784362;6.520368;false;47;ACCUMULATION
2026.06.12 08:25;160.044;24;-0.807241;0.308479;0.389124;0.781119;6.477242;false;48;ACCUMULATION
2026.06.12 08:26;160.065;51;-0.706103;0.330461;0.387965;0.778355;6.448815;false;49;ACCUMULATION
2026.06.12 08:27;160.091;64;-0.553540;0.365043;0.387035;0.776315;6.442132;false;50;ACCUMULATION
2026.06.12 08:28;160.137;56;-0.105842;0.473564;0.386830;0.776471;6.500796;false;51;ACCUMULATION
2026.06.12 08:29;160.167;77;0.786836;0.687152;0.388077;0.780896;6.685559;false;52;ACCUMULATION
2026.06.12 08:30;160.147;57;0.069025;0.517249;0.388331;0.781870;6.761915;false;53;ACCUMULATION
2026.06.12 08:31;160.143;34;0.020342;0.505085;0.388559;0.782590;6.828299;false;54;ACCUMULATION
2026.06.12 08:32;160.152;48;0.056142;0.514032;0.388892;0.783479;6.897727;false;55;ACCUMULATION
2026.06.12 08:33;160.128;57;0.028462;0.507115;0.389227;0.784220;6.960576;false;56;ACCUMULATION
2026.06.12 08:34;160.128;71;0.229241;0.557061;0.389929;0.785950;7.051192;false;57;ACCUMULATION
2026.06.12 08:35;160.155;46;0.734500;0.675792;0.391465;0.790035;7.209875;false;58;ACCUMULATION
2026.06.12 08:36;160.141;61;10.319654;0.999967;0.395218;0.800554;7.557510;false;59;ACCUMULATION
2026.06.12 08:37;160.113;48;2.996864;0.952432;0.398855;0.809996;7.864457;false;60;ACCUMULATION
2026.06.12 08:38;160.113;62;0.564946;0.637596;0.400592;0.813028;7.971758;false;61;ACCUMULATION
2026.06.12 08:39;160.093;61;2.681433;0.935922;0.404327;0.821990;8.254300;false;62;ACCUMULATION
2026.06.12 08:40;160.106;54;1.494018;0.816681;0.407420;0.828460;8.455408;false;63;ACCUMULATION
2026.06.12 08:41;160.121;27;-0.294850;0.426817;0.408044;0.827054;8.415559;false;64;ACCUMULATION
2026.06.12 08:42;160.095;44;-0.441644;0.391349;0.408381;0.824957;8.355824;false;65;ACCUMULATION
2026.06.12 08:43;160.105;22;-0.318698;0.420993;0.408848;0.823477;8.315966;false;66;ACCUMULATION
2026.06.12 08:44;160.077;49;1.090580;0.748491;0.411411;0.828565;8.474001;false;67;ACCUMULATION
2026.06.12 08:45;160.104;45;0.129272;0.532273;0.412622;0.829268;8.496775;false;68;ACCUMULATION
2026.06.12 08:46;160.093;58;1.866725;0.866079;0.416005;0.836638;8.719035;false;69;ACCUMULATION
2026.06.12 08:47;160.068;42;2.456681;0.921049;0.419848;0.845020;8.966498;false;70;ACCUMULATION
2026.06.12 08:48;160.084;35;0.251425;0.562527;0.421448;0.846130;8.990187;false;71;ACCUMULATION
2026.06.12 08:49;160.089;45;-0.304553;0.424445;0.422117;0.844465;8.930198;false;72;ACCUMULATION
2026.06.12 08:50;160.092;24;0.095064;0.523748;0.423364;0.844807;8.931890;false;73;ACCUMULATION
2026.06.12 08:51;160.098;28;0.413271;0.601872;0.425089;0.846706;8.980397;false;74;ACCUMULATION
2026.06.12 08:52;160.078;46;-0.290679;0.427838;0.425666;0.845103;8.922785;false;75;ACCUMULATION
2026.06.12 08:53;160.100;27;1.389811;0.800562;0.428620;0.850973;9.090825;false;76;ACCUMULATION
2026.06.12 08:54;160.105;28;1.813784;0.859819;0.432026;0.857957;9.288537;false;77;ACCUMULATION
2026.06.12 08:55;160.098;24;-0.124802;0.468840;0.432946;0.857039;9.244743;false;78;ACCUMULATION
2026.06.12 08:56;160.097;30;0.184013;0.545874;0.434306;0.857672;9.248701;false;79;ACCUMULATION
2026.06.12 08:57;160.104;35;5.134828;0.994146;0.438571;0.867262;9.521484;false;80;ACCUMULATION
2026.06.12 08:58;160.092;31;1.611789;0.833660;0.441904;0.873529;9.688428;false;81;ACCUMULATION
2026.06.12 08:59;160.088;33;4.453903;0.988501;0.446306;0.882816;9.942433;false;82;ACCUMULATION
2026.06.12 09:00;160.104;37;4.178610;0.984911;0.450784;0.891921;10.185395;false;83;ACCUMULATION
2026.06.12 09:01;160.095;38;0.849809;0.700527;0.453487;0.895228;10.249223;false;84;ACCUMULATION
2026.06.12 09:02;160.095;36;4.065388;0.983133;0.458024;0.904148;10.480380;false;85;ACCUMULATION
2026.06.12 09:03;160.093;34;3.187749;0.960371;0.462490;0.912506;10.689789;false;86;ACCUMULATION
2026.06.12 09:04;160.062;32;2.192170;0.899544;0.466618;0.919547;10.855373;false;87;ACCUMULATION
2026.06.12 09:05;160.069;79;0.295743;0.573402;0.468639;0.919980;10.819475;false;88;ACCUMULATION
2026.06.12 09:06;160.065;38;0.625903;0.651560;0.471087;0.921971;10.831730;false;89;ACCUMULATION
2026.06.12 09:07;160.080;25;2.972657;0.951323;0.475445;0.929934;11.023413;false;90;ACCUMULATION
2026.06.12 09:08;160.094;22;3.628757;0.974137;0.480002;0.938258;11.222076;false;91;ACCUMULATION
2026.06.12 09:09;160.091;41;3.513355;0.971065;0.484588;0.946420;11.411943;false;92;ACCUMULATION
2026.06.12 09:10;160.096;28;3.458557;0.969485;0.489206;0.954453;11.594216;false;93;ACCUMULATION
2026.06.12 09:11;160.088;27;3.374407;0.966895;0.493841;0.962337;11.768555;false;94;ACCUMULATION
2026.06.12 09:12;160.083;34;3.226475;0.961818;0.498471;0.970025;11.933747;false;95;ACCUMULATION
2026.06.12 09:13;160.075;33;0.592504;0.643939;0.501035;0.971264;11.902430;false;96;ACCUMULATION
2026.06.12 09:14;160.066;29;-0.044375;0.488908;0.502487;0.969387;11.779189;false;97;ACCUMULATION
2026.06.12 09:15;160.027;38;-0.544387;0.367168;0.352097;0.868588;5.793609;true;0;DISCHARGE
2026.06.12 09:16;159.980;183;-0.708172;0.330003;0.351921;0.864765;5.788835;false;1;ACCUMULATION
2026.06.12 09:17;160.016;73;-0.522819;0.372193;0.352007;0.861832;5.809541;false;2;ACCUMULATION
2026.06.12 09:18;160.022;46;-0.340519;0.415683;0.352377;0.859803;5.855617;false;3;ACCUMULATION
2026.06.12 09:19;160.019;55;-0.308050;0.423591;0.352814;0.857957;5.904825;false;4;ACCUMULATION
2026.06.12 09:20;160.006;32;-0.570002;0.361236;0.352857;0.854887;5.914898;false;5;ACCUMULATION
2026.06.12 09:21;160.015;45;-0.427836;0.394643;0.353113;0.852521;5.944663;false;6;ACCUMULATION
2026.06.12 09:22;160.043;41;-0.017639;0.495590;0.354034;0.852202;6.033954;false;7;ACCUMULATION
2026.06.12 09:23;160.047;39;0.138870;0.534662;0.355250;0.852669;6.143562;false;8;ACCUMULATION
2026.06.12 09:24;160.047;28;2.818084;0.943645;0.359196;0.861310;6.494725;false;9;ACCUMULATION
2026.06.12 09:25;160.038;47;0.683102;0.664431;0.361496;0.864263;6.666068;false;10;ACCUMULATION
2026.06.12 09:26;160.022;48;0.175362;0.543729;0.363077;0.864766;6.758993;false;11;ACCUMULATION
2026.06.12 09:27;160.019;33;-0.218545;0.445580;0.364039;0.863301;6.789776;false;12;ACCUMULATION
2026.06.12 09:28;160.004;28;-0.525596;0.371545;0.364503;0.860372;6.775061;false;13;ACCUMULATION
2026.06.12 09:29;160.017;24;-0.397344;0.401951;0.365129;0.858087;6.779104;false;14;ACCUMULATION
2026.06.12 09:30;159.999;29;-0.582276;0.358409;0.365443;0.854958;6.756881;false;15;ACCUMULATION
2026.06.12 09:31;160.006;31;-0.468230;0.385035;0.365892;0.852399;6.751411;false;16;ACCUMULATION
2026.06.12 09:32;160.004;41;-0.434980;0.392938;0.366364;0.850029;6.750874;false;17;ACCUMULATION
2026.06.12 09:33;160.014;30;-0.217120;0.445932;0.367158;0.848747;6.782153;false;18;ACCUMULATION
2026.06.12 09:34;160.007;33;-0.179849;0.455159;0.368006;0.847665;6.817873;false;19;ACCUMULATION
2026.06.12 09:35;159.990;41;0.418995;0.603243;0.369823;0.849558;6.941193;false;20;ACCUMULATION
2026.06.12 09:36;160.004;32;0.879218;0.706660;0.372364;0.853497;7.122247;false;21;ACCUMULATION
2026.06.12 09:37;160.007;42;3.490616;0.970420;0.376713;0.862663;7.455220;false;22;ACCUMULATION
2026.06.12 09:38;159.991;22;0.279164;0.569341;0.378592;0.863698;7.535892;false;23;ACCUMULATION
2026.06.12 09:39;159.993;29;0.494547;0.621177;0.380820;0.865757;7.644842;false;24;ACCUMULATION
2026.06.12 09:40;159.976;18;0.240425;0.559819;0.382670;0.866565;7.713164;false;25;ACCUMULATION
2026.06.12 09:41;159.987;23;0.289797;0.571946;0.384600;0.867605;7.786371;false;26;ACCUMULATION
2026.06.12 09:42;159.993;20;-0.386573;0.404543;0.385433;0.865284;7.756574;false;27;ACCUMULATION
2026.06.12 09:43;160.015;19;0.021628;0.505407;0.386870;0.865009;7.788338;false;28;ACCUMULATION
2026.06.12 09:44;160.027;22;0.725909;0.673907;0.389391;0.868107;7.920090;false;29;ACCUMULATION
2026.06.12 09:45;160.027;13;2.079358;0.888881;0.393360;0.875467;8.176215;false;30;ACCUMULATION
2026.06.12 09:46;160.026;30;2.266692;0.906081;0.397548;0.883083;8.433696;false;31;ACCUMULATION
2026.06.12 09:47;160.039;21;0.498112;0.622016;0.399975;0.884927;8.511726;false;32;ACCUMULATION
2026.06.12 09:48;160.044;14;-0.370749;0.408360;0.400994;0.882475;8.458832;false;33;ACCUMULATION
2026.06.12 09:49;160.054;27;-0.300385;0.425463;0.402045;0.880394;8.418051;false;34;ACCUMULATION
2026.06.12 09:50;160.069;44;-0.709441;0.329722;0.402397;0.876424;8.321252;false;35;ACCUMULATION
2026.06.12 09:51;160.063;18;-0.609966;0.352067;0.402794;0.872948;8.241249;false;36;ACCUMULATION
2026.06.12 09:52;160.074;21;-0.733458;0.324436;0.402922;0.868962;8.147467;false;37;ACCUMULATION
2026.06.12 09:53;160.062;26;-0.527640;0.371067;0.403264;0.865956;8.084946;false;38;ACCUMULATION
2026.06.12 09:54;160.070;17;-0.698215;0.332208;0.403280;0.862208;8.001298;false;39;ACCUMULATION
2026.06.12 09:55;160.049;29;-0.675123;0.337351;0.403250;0.858609;7.923663;false;40;ACCUMULATION
2026.06.12 09:56;160.038;24;-0.314801;0.421943;0.403701;0.856744;7.899501;false;41;ACCUMULATION
2026.06.12 09:57;160.044;47;-0.375451;0.407225;0.404016;0.854608;7.867353;false;42;ACCUMULATION
2026.06.12 09:58;160.048;14;-0.663944;0.339854;0.403845;0.851150;7.795908;false;43;ACCUMULATION
2026.06.12 09:59;160.061;39;-0.734901;0.324120;0.403508;0.847418;7.717523;false;44;ACCUMULATION
2026.06.12 10:00;160.078;31;-0.868909;0.295481;0.402917;0.843159;7.624699;false;45;ACCUMULATION
2026.06.12 10:01;160.045;31;-0.632155;0.347022;0.402593;0.839981;7.566048;false;46;ACCUMULATION
2026.06.12 10:02;160.049;36;-0.594892;0.355513;0.402276;0.837012;7.514544;false;47;ACCUMULATION
2026.06.12 10:03;160.043;18;-0.022992;0.494252;0.402827;0.836853;7.548086;false;48;ACCUMULATION
2026.06.12 10:04;160.054;20;0.015663;0.503916;0.403449;0.836889;7.586253;false;49;ACCUMULATION
2026.06.12 10:05;160.049;11;0.278824;0.569258;0.404509;0.838231;7.662288;false;50;ACCUMULATION
2026.06.12 10:06;160.038;13;1.386713;0.800067;0.407115;0.844174;7.874149;false;51;ACCUMULATION
2026.06.12 10:07;160.052;25;1.200847;0.768676;0.409623;0.849417;8.059759;false;52;ACCUMULATION
2026.06.12 10:08;160.047;12;1.881916;0.867831;0.412868;0.856581;8.298366;false;53;ACCUMULATION
2026.06.12 10:09;160.047;23;1.840049;0.862954;0.416196;0.863561;8.525696;false;54;ACCUMULATION
2026.06.12 10:10;160.049;20;0.256976;0.563893;0.417665;0.864476;8.565632;false;55;ACCUMULATION
2026.06.12 10:11;160.056;19;1.684337;0.843478;0.420957;0.870972;8.771922;false;56;ACCUMULATION
2026.06.12 10:12;160.054;14;0.227749;0.556692;0.422454;0.871654;8.798920;false;57;ACCUMULATION
2026.06.12 10:13;160.059;14;1.555691;0.825734;0.425694;0.877709;8.986398;false;58;ACCUMULATION
2026.06.12 10:14;160.056;22;0.788820;0.687578;0.428099;0.880928;9.084421;false;59;ACCUMULATION
2026.06.12 10:15;160.056;22;1.526249;0.821457;0.431397;0.886786;9.259340;false;60;ACCUMULATION
2026.06.12 10:16;160.045;12;1.443501;0.808996;0.434673;0.892325;9.420661;false;61;ACCUMULATION
2026.06.12 10:17;160.063;22;0.111439;0.527831;0.436153;0.892173;9.407636;false;62;ACCUMULATION
2026.06.12 10:18;160.080;28;-0.396241;0.402216;0.436753;0.889512;9.319699;false;63;ACCUMULATION
2026.06.12 10:19;160.079;25;0.183612;0.545775;0.438200;0.889753;9.320974;false;64;ACCUMULATION
2026.06.12 10:20;160.092;28;0.563245;0.637203;0.440204;0.891820;9.377062;false;65;ACCUMULATION
2026.06.12 10:21;160.113;23;-0.845731;0.300329;0.439991;0.887125;9.229062;false;66;ACCUMULATION
2026.06.12 10:22;160.120;55;-0.842040;0.301105;0.439657;0.882501;9.086708;false;67;ACCUMULATION
2026.06.12 10:23;160.125;18;-0.889214;0.291272;0.439140;0.877737;8.943436;false;68;ACCUMULATION
2026.06.12 10:24;160.125;19;-0.841645;0.301188;0.438575;0.873228;8.811129;false;69;ACCUMULATION
2026.06.12 10:25;160.140;77;-0.876377;0.293929;0.437860;0.868627;8.679097;false;70;ACCUMULATION
2026.06.12 10:26;160.176;106;-0.944663;0.279959;0.436955;0.863803;8.543304;false;71;ACCUMULATION
2026.06.12 10:27;160.154;36;-0.849398;0.299559;0.436082;0.859429;8.424024;false;72;ACCUMULATION
2026.06.12 10:28;160.154;43;-0.847485;0.299961;0.435128;0.855115;8.309160;false;73;ACCUMULATION
2026.06.12 10:29;160.152;33;-0.834054;0.302788;0.434116;0.850909;8.200012;false;74;ACCUMULATION
2026.06.12 10:30;160.155;47;-0.821596;0.305425;0.433051;0.846807;8.096267;false;75;ACCUMULATION
2026.06.12 10:31;160.131;43;-0.648440;0.343341;0.432170;0.843512;8.018902;false;76;ACCUMULATION
2026.06.12 10:32;160.101;51;-0.279083;0.430679;0.431816;0.842003;7.996648;false;77;ACCUMULATION
2026.06.12 10:33;160.105;18;-0.255687;0.436424;0.431486;0.840628;7.978620;false;78;ACCUMULATION
2026.06.12 10:34;160.108;19;-0.368774;0.408837;0.430965;0.838717;7.944670;false;79;ACCUMULATION
2026.06.12 10:35;160.112;19;-0.430830;0.393928;0.430329;0.836531;7.902964;false;80;ACCUMULATION
2026.06.12 10:36;160.105;22;-0.470062;0.384602;0.429609;0.834185;7.857121;false;81;ACCUMULATION
2026.06.12 10:37;160.105;11;-0.173927;0.456628;0.429338;0.833307;7.856098;false;82;ACCUMULATION
2026.06.12 10:38;160.106;17;0.426697;0.605085;0.430044;0.835409;7.944186;false;83;ACCUMULATION
2026.06.12 10:39;160.111;16;0.102751;0.525665;0.430284;0.835897;7.981538;false;84;ACCUMULATION
2026.06.12 10:40;160.114;11;0.644632;0.655800;0.431400;0.838983;8.095664;false;85;ACCUMULATION
2026.06.12 10:41;160.113;17;2.783642;0.941785;0.434458;0.847750;8.377387;false;86;ACCUMULATION
2026.06.12 10:42;160.110;26;2.575596;0.929274;0.437593;0.856163;8.641743;false;87;ACCUMULATION
2026.06.12 10:43;160.105;9;0.656037;0.658370;0.439094;0.859056;8.734304;false;88;ACCUMULATION
2026.06.12 10:44;160.102;19;0.410161;0.601126;0.440257;0.860770;8.789279;false;89;ACCUMULATION
2026.06.12 10:45;160.097;13;-0.430393;0.394032;0.440076;0.858322;8.718074;false;90;ACCUMULATION
2026.06.12 10:46;160.093;20;-0.863208;0.296669;0.439198;0.853955;8.590943;false;91;ACCUMULATION
2026.06.12 10:47;160.089;17;-0.782110;0.313865;0.438343;0.849985;8.478579;false;92;ACCUMULATION
2026.06.12 10:48;160.079;16;-0.859188;0.297509;0.437305;0.845735;8.360334;false;93;ACCUMULATION
2026.06.12 10:49;160.087;17;-0.821047;0.305542;0.436242;0.841697;8.251048;false;94;ACCUMULATION
2026.06.12 10:50;160.095;20;-0.816194;0.306572;0.435118;0.837728;8.146204;false;95;ACCUMULATION
2026.06.12 10:51;160.103;4;-0.455472;0.388061;0.434466;0.835437;8.093923;false;96;ACCUMULATION
2026.06.12 10:52;160.105;21;0.719395;0.672474;0.435649;0.838861;8.214120;false;97;ACCUMULATION
2026.06.12 10:53;160.105;12;0.679421;0.663609;0.436844;0.842067;8.324792;false;98;ACCUMULATION
2026.06.12 10:54;160.102;9;0.616328;0.649383;0.438007;0.844950;8.423054;false;99;ACCUMULATION
2026.06.12 10:55;160.102;20;0.617394;0.649626;0.439224;0.847803;8.518022;false;100;ACCUMULATION
2026.06.12 10:56;160.108;7;0.525304;0.628387;0.440349;0.850197;8.596924;false;101;ACCUMULATION
2026.06.12 10:57;160.117;16;0.251343;0.562507;0.441078;0.851245;8.633536;false;102;ACCUMULATION
2026.06.12 10:58;160.100;40;0.680945;0.663949;0.442483;0.854309;8.729732;false;103;ACCUMULATION
2026.06.12 10:59;160.092;27;-0.205185;0.448883;0.442521;0.853035;8.693521;false;104;ACCUMULATION
2026.06.12 11:00;160.129;28;0.139868;0.534910;0.443090;0.853497;8.710194;false;105;ACCUMULATION
2026.06.12 11:01;160.114;20;0.853839;0.701372;0.444748;0.857282;8.826160;false;106;ACCUMULATION
2026.06.12 11:02;160.113;19;0.807302;0.691534;0.446395;0.860825;8.932165;false;107;ACCUMULATION
2026.06.12 11:03;160.128;14;-0.357324;0.411607;0.446253;0.858728;8.866504;false;108;ACCUMULATION
2026.06.12 11:04;160.131;13;-0.559001;0.363779;0.445743;0.855699;8.774443;false;109;ACCUMULATION
2026.06.12 11:05;160.131;12;-0.665072;0.339601;0.445007;0.852222;8.671098;false;110;ACCUMULATION
2026.06.12 11:06;160.152;31;-0.910421;0.286914;0.443854;0.847734;8.539758;false;111;ACCUMULATION
2026.06.12 11:07;160.154;13;-0.943518;0.280190;0.442573;0.843165;8.408981;false;112;ACCUMULATION
2026.06.12 11:08;160.156;7;-0.995126;0.269901;0.441143;0.838445;8.276607;false;113;ACCUMULATION
2026.06.12 11:09;160.161;15;-0.980208;0.272851;0.439656;0.833840;8.150636;false;114;ACCUMULATION
2026.06.12 11:10;160.152;10;-0.905132;0.287997;0.438197;0.829594;8.038162;false;115;ACCUMULATION
2026.06.12 11:11;160.164;23;-0.909234;0.287157;0.436673;0.825382;7.929120;false;116;ACCUMULATION
2026.06.12 11:12;160.166;21;-0.907839;0.287442;0.435096;0.821227;7.824066;false;117;ACCUMULATION
2026.06.12 11:13;160.164;12;-0.894818;0.290117;0.433486;0.817174;7.724294;false;118;ACCUMULATION
2026.06.12 11:14;160.142;21;-0.709793;0.329645;0.432091;0.813961;7.651731;false;119;ACCUMULATION
2026.06.12 11:15;160.140;12;-0.693479;0.333260;0.430692;0.810859;7.583876;false;120;ACCUMULATION
2026.06.12 11:16;160.146;18;-0.677076;0.336914;0.429294;0.807867;7.520589;false;121;ACCUMULATION
2026.06.12 11:17;160.136;22;-0.090153;0.477477;0.428799;0.807722;7.543854;false;122;ACCUMULATION
2026.06.12 11:18;160.131;21;-0.577069;0.359607;0.427563;0.805221;7.495584;false;123;ACCUMULATION
2026.06.12 11:19;160.127;17;-0.672261;0.337991;0.426174;0.802318;7.436033;false;124;ACCUMULATION
2026.06.12 11:20;160.130;28;0.780560;0.685801;0.427051;0.806407;7.587252;false;125;ACCUMULATION
2026.06.12 11:21;160.130;11;-0.018831;0.495292;0.426783;0.806636;7.618874;false;126;ACCUMULATION
2026.06.12 11:22;160.129;7;-0.064811;0.483803;0.426474;0.806632;7.642495;false;127;ACCUMULATION
2026.06.12 11:23;160.117;20;0.508753;0.624514;0.427114;0.809443;7.749716;false;128;ACCUMULATION
2026.06.12 11:24;160.125;15;0.694410;0.666947;0.428106;0.813068;7.878644;false;129;ACCUMULATION
2026.06.12 11:25;160.128;11;0.683970;0.664624;0.429167;0.816604;8.001666;false;130;ACCUMULATION
2026.06.12 11:26;160.143;22;0.626941;0.651796;0.430220;0.819841;8.112685;false;131;ACCUMULATION
2026.06.12 11:27;160.141;5;0.147760;0.536873;0.430585;0.820740;8.150865;false;132;ACCUMULATION
2026.06.12 11:28;160.138;21;-0.207169;0.448392;0.430393;0.819859;8.134620;false;133;ACCUMULATION
2026.06.12 11:29;160.147;14;0.094396;0.523581;0.430683;0.820492;8.164057;false;134;ACCUMULATION
2026.06.12 11:30;160.138;12;0.099956;0.524968;0.430998;0.821146;8.193296;false;135;ACCUMULATION
2026.06.12 11:31;160.131;27;-0.695794;0.332745;0.430068;0.817947;8.106178;false;136;ACCUMULATION
2026.06.12 11:32;160.145;22;-0.349892;0.413409;0.429615;0.816400;8.070507;false;137;ACCUMULATION
2026.06.12 11:33;160.138;19;-0.514892;0.374047;0.428884;0.814084;8.012468;false;138;ACCUMULATION
2026.06.12 11:34;160.143;13;0.680315;0.663809;0.430021;0.817591;8.130317;false;139;ACCUMULATION
2026.06.12 11:35;160.138;17;0.706195;0.669560;0.431266;0.821171;8.247492;false;140;ACCUMULATION
2026.06.12 11:36;160.143;13;0.674144;0.662430;0.432531;0.824566;8.356288;false;141;ACCUMULATION
2026.06.12 11:37;160.146;13;0.617323;0.649610;0.433771;0.827663;8.453583;false;142;ACCUMULATION
2026.06.12 11:38;160.143;13;0.255786;0.563600;0.434497;0.829003;8.495868;false;143;ACCUMULATION
2026.06.12 11:39;160.139;28;0.306310;0.575984;0.435320;0.830575;8.544103;false;144;ACCUMULATION
2026.06.12 11:40;160.130;17;0.561835;0.636877;0.436561;0.833345;8.627186;false;145;ACCUMULATION
2026.06.12 11:41;160.105;22;-0.537790;0.368702;0.436081;0.830719;8.546455;false;146;ACCUMULATION
2026.06.12 11:42;160.114;16;0.013385;0.503346;0.436426;0.830818;8.549337;false;147;ACCUMULATION
2026.06.12 11:43;160.113;14;0.638623;0.654442;0.437754;0.833937;8.642776;false;148;ACCUMULATION
2026.06.12 11:44;160.114;11;0.436319;0.607382;0.438817;0.836077;8.704708;false;149;ACCUMULATION
2026.06.12 11:45;160.123;21;0.666669;0.660757;0.440255;0.839259;8.796497;false;150;ACCUMULATION
2026.06.12 11:46;160.118;22;-0.524197;0.371871;0.439839;0.836626;8.711742;false;151;ACCUMULATION
2026.06.12 11:47;160.126;13;0.040489;0.510121;0.440266;0.836789;8.712904;false;152;ACCUMULATION
2026.06.12 11:48;160.126;5;0.300522;0.574570;0.441105;0.838238;8.752694;false;153;ACCUMULATION
2026.06.12 11:49;160.127;9;-0.366512;0.409384;0.440871;0.836367;8.691981;false;154;ACCUMULATION
2026.06.12 11:50;160.121;21;-0.165585;0.458698;0.440914;0.835505;8.662980;false;155;ACCUMULATION
2026.06.12 11:51;160.118;12;0.124057;0.530975;0.441404;0.836098;8.678360;false;156;ACCUMULATION
2026.06.12 11:52;160.117;7;-0.681213;0.335991;0.440615;0.832785;8.576212;false;157;ACCUMULATION
2026.06.12 11:53;160.117;6;-0.498002;0.378010;0.440033;0.830352;8.502851;false;158;ACCUMULATION
2026.06.12 11:54;160.124;8;-0.425596;0.395178;0.439516;0.828291;8.442358;false;159;ACCUMULATION
2026.06.12 11:55;160.151;19;-0.003188;0.499203;0.439641;0.828336;8.446397;false;160;ACCUMULATION
2026.06.12 11:56;160.163;33;-0.400583;0.401172;0.439123;0.826419;8.391477;false;161;ACCUMULATION
2026.06.12 11:57;160.177;19;-0.710207;0.329553;0.438101;0.823093;8.295507;false;162;ACCUMULATION
2026.06.12 11:58;160.166;19;-0.478963;0.382497;0.437370;0.820866;8.234662;false;163;ACCUMULATION
2026.06.12 11:59;160.168;15;-0.673245;0.337771;0.436312;0.817771;8.149112;false;164;ACCUMULATION
2026.06.12 12:00;160.179;34;-0.906394;0.287738;0.434879;0.813712;8.036536;false;165;ACCUMULATION
2026.06.12 12:01;160.187;50;-1.043030;0.260566;0.433208;0.809159;7.911596;false;166;ACCUMULATION
2026.06.12 12:02;160.180;31;-0.963882;0.276102;0.431575;0.804971;7.800352;false;167;ACCUMULATION
2026.06.12 12:03;160.184;30;-0.968543;0.275171;0.429883;0.800815;7.692442;false;168;ACCUMULATION
2026.06.12 12:04;160.190;37;-0.964615;0.275955;0.428147;0.796724;7.588779;false;169;ACCUMULATION
2026.06.12 12:05;160.191;33;-0.912962;0.286394;0.426435;0.792892;7.495009;false;170;ACCUMULATION
2026.06.12 12:06;160.190;10;-0.942260;0.280444;0.424648;0.788986;7.400950;false;171;ACCUMULATION
2026.06.12 12:07;160.192;30;-0.894955;0.290088;0.422889;0.785320;7.315970;false;172;ACCUMULATION
2026.06.12 12:08;160.186;26;-0.835392;0.302506;0.421185;0.781946;7.241414;false;173;ACCUMULATION
2026.06.12 12:09;160.191;15;-0.856106;0.298154;0.419431;0.778526;7.166857;false;174;ACCUMULATION
2026.06.12 12:10;160.188;12;-0.881853;0.292794;0.417624;0.775039;7.091693;false;175;ACCUMULATION
2026.06.12 12:11;160.179;22;-0.832197;0.303181;0.415868;0.771802;7.025393;false;176;ACCUMULATION
2026.06.12 12:12;160.185;24;-0.861894;0.296944;0.414059;0.768480;6.957670;false;177;ACCUMULATION
2026.06.12 12:13;160.189;27;-0.866999;0.295879;0.412231;0.765176;6.891679;false;178;ACCUMULATION
2026.06.12 12:14;160.188;27;-0.798146;0.310422;0.410489;0.762202;6.836724;false;179;ACCUMULATION
2026.06.12 12:15;160.188;12;-0.464036;0.386029;0.409241;0.760776;6.829055;false;180;ACCUMULATION
2026.06.12 12:16;160.187;19;-0.061707;0.484578;0.408664;0.761338;6.880785;false;181;ACCUMULATION
2026.06.12 12:17;160.179;10;1.573515;0.828284;0.410400;0.768768;7.136928;false;182;ACCUMULATION
2026.06.12 12:18;160.176;24;1.589912;0.830604;0.412325;0.776155;7.385498;false;183;ACCUMULATION
2026.06.12 12:19;160.179;16;1.324957;0.790005;0.414146;0.782641;7.601009;false;184;ACCUMULATION
2026.06.12 12:20;160.193;18;0.697239;0.667575;0.415300;0.786601;7.735519;false;185;ACCUMULATION
2026.06.12 12:21;160.193;20;1.314396;0.788248;0.417330;0.792927;7.937724;false;186;ACCUMULATION
2026.06.12 12:22;160.195;21;0.411987;0.601564;0.418256;0.795443;8.020842;false;187;ACCUMULATION
2026.06.12 12:23;160.207;28;-0.179404;0.455269;0.418268;0.795003;8.013274;false;188;ACCUMULATION
2026.06.12 12:24;160.220;23;-0.460873;0.386779;0.417822;0.793198;7.964877;false;189;ACCUMULATION
2026.06.12 12:25;160.230;25;-0.658783;0.341013;0.417046;0.790500;7.890714;false;190;ACCUMULATION
2026.06.12 12:26;160.226;16;-0.595210;0.355440;0.416319;0.788123;7.827803;false;191;ACCUMULATION
2026.06.12 12:27;160.228;29;-0.593305;0.355877;0.415559;0.785783;7.767356;false;192;ACCUMULATION
2026.06.12 12:28;160.239;30;-0.800408;0.309938;0.414465;0.782552;7.681462;false;193;ACCUMULATION
2026.06.12 12:29;160.242;19;-0.776030;0.315176;0.413359;0.779465;7.601716;false;194;ACCUMULATION
2026.06.12 12:30;160.253;28;-0.863257;0.296659;0.412091;0.776045;7.513652;false;195;ACCUMULATION
2026.06.12 12:31;160.241;16;-0.846830;0.300098;0.410802;0.772734;7.430733;false;196;ACCUMULATION
2026.06.12 12:32;160.255;13;-0.899964;0.289058;0.409403;0.769243;7.344092;false;197;ACCUMULATION
2026.06.12 12:33;160.252;34;-0.849872;0.299460;0.408032;0.766001;7.266725;false;198;ACCUMULATION
2026.06.12 12:34;160.254;38;-0.853917;0.298612;0.406625;0.762781;7.191556;false;199;ACCUMULATION
2026.06.12 12:35;160.264;18;-0.894779;0.290125;0.405133;0.759430;7.113927;false;200;ACCUMULATION
2026.06.12 12:36;160.263;9;-0.896724;0.289724;0.403610;0.756112;7.038774;false;201;ACCUMULATION
2026.06.12 12:37;160.265;17;-0.924971;0.283946;0.402024;0.752717;6.962784;false;202;ACCUMULATION
2026.06.12 12:38;160.267;16;-0.941053;0.280688;0.400391;0.749298;6.887499;false;203;ACCUMULATION
2026.06.12 12:39;160.270;15;-0.938242;0.281256;0.398740;0.745932;6.815190;false;204;ACCUMULATION
2026.06.12 12:40;160.263;44;-0.829290;0.303795;0.397216;0.743057;6.758936;false;205;ACCUMULATION
2026.06.12 12:41;160.264;8;-0.841696;0.301178;0.395666;0.740163;6.703080;false;206;ACCUMULATION
2026.06.12 12:42;160.263;6;-0.833297;0.302948;0.394119;0.737340;6.650241;false;207;ACCUMULATION
2026.06.12 12:43;160.264;4;-0.781928;0.313905;0.392638;0.734771;6.605825;false;208;ACCUMULATION
2026.06.12 12:44;160.264;56;-0.613027;0.351369;0.391402;0.732981;6.585443;false;209;ACCUMULATION
2026.06.12 12:45;160.267;29;-0.496042;0.378471;0.390357;0.731754;6.582035;false;210;ACCUMULATION
2026.06.12 12:46;160.277;21;-0.680026;0.336255;0.389060;0.729698;6.553417;false;211;ACCUMULATION
2026.06.12 12:47;160.289;27;-0.760831;0.318466;0.387653;0.727311;6.515127;false;212;ACCUMULATION
2026.06.12 12:48;160.282;15;-0.599258;0.354513;0.386486;0.725674;6.499805;false;213;ACCUMULATION
2026.06.12 12:49;160.281;14;-0.544649;0.367107;0.385418;0.724308;6.492576;false;214;ACCUMULATION
2026.06.12 12:50;160.280;17;-0.284920;0.429248;0.384777;0.724201;6.522885;false;215;ACCUMULATION
2026.06.12 12:51;160.283;17;-0.599040;0.354563;0.383689;0.722602;6.507322;false;216;ACCUMULATION
2026.06.12 12:52;160.280;20;-0.189510;0.452764;0.383258;0.722986;6.551224;false;217;ACCUMULATION
2026.06.12 12:53;160.285;30;-0.431600;0.393744;0.382488;0.722185;6.558178;false;218;ACCUMULATION
2026.06.12 12:54;160.290;13;-0.529618;0.370606;0.381591;0.720931;6.551005;false;219;ACCUMULATION
2026.06.12 12:55;160.291;44;-0.259660;0.435447;0.381135;0.720989;6.582988;false;220;ACCUMULATION
2026.06.12 12:56;160.280;22;0.314987;0.578102;0.381653;0.723899;6.699445;false;221;ACCUMULATION
2026.06.12 12:57;160.263;31;1.421039;0.805501;0.383747;0.731322;6.948265;false;222;ACCUMULATION
2026.06.12 12:58;160.237;37;-0.266440;0.433781;0.383561;0.731222;6.965345;false;223;ACCUMULATION
2026.06.12 12:59;160.251;27;0.290202;0.572045;0.384299;0.733888;7.064785;false;224;ACCUMULATION
2026.06.12 13:00;160.265;30;1.516005;0.819949;0.386728;0.741481;7.309487;false;225;ACCUMULATION
2026.06.12 13:01;160.262;36;1.662966;0.840636;0.389438;0.749395;7.558037;false;226;ACCUMULATION
2026.06.12 13:02;160.265;29;1.778603;0.855524;0.392386;0.757513;7.806820;false;227;ACCUMULATION
2026.06.12 13:03;160.246;14;0.488896;0.619846;0.393923;0.760820;7.905489;false;228;ACCUMULATION
2026.06.12 13:04;160.228;31;-0.392345;0.403153;0.394082;0.759753;7.870688;false;229;ACCUMULATION
2026.06.12 13:05;160.243;25;-0.003833;0.499042;0.394835;0.760617;7.894639;false;230;ACCUMULATION
2026.06.12 13:06;160.266;36;1.472358;0.813415;0.397648;0.767758;8.106376;false;231;ACCUMULATION
2026.06.12 13:07;160.252;21;-0.416625;0.397325;0.397839;0.766491;8.061048;false;232;ACCUMULATION
2026.06.12 13:08;160.246;32;-0.369447;0.408675;0.398060;0.765467;8.024116;false;233;ACCUMULATION
