TIME	SYMBOL	TF	A_CONTEXT	ENERGY	PERSISTENCE	OMEGA	FATIGUE	P_EQ	STATE	DISCHARGE
2026.06.13 03:40	BTCUSDm	PERIOD_M1	-0.1107	0.4724	0.6873	0.0120	0.0186	5.9045	HOMEOSTASIS	0
2026.06.13 03:41	BTCUSDm	PERIOD_M1	-0.1121	0.4720	1.0001	0.0229	0.0275	5.9001	HOMEOSTASIS	0
2026.06.13 03:42	BTCUSDm	PERIOD_M1	-0.1113	0.4722	1.2943	0.0364	0.0361	5.9025	HOMEOSTASIS	0
2026.06.13 03:43	BTCUSDm	PERIOD_M1	-0.1088	0.4728	1.5712	0.0521	0.0445	5.9103	HOMEOSTASIS	0
2026.06.13 03:44	BTCUSDm	PERIOD_M1	-0.1094	0.4727	1.8314	0.0696	0.0526	5.9083	HOMEOSTASIS	0
2026.06.13 03:45	BTCUSDm	PERIOD_M1	-0.1081	0.4730	2.0763	0.0887	0.0605	5.9125	HOMEOSTASIS	0
2026.06.13 03:46	BTCUSDm	PERIOD_M1	-0.1050	0.4738	2.3071	0.1089	0.0681	5.9223	HOMEOSTASIS	0
2026.06.13 03:47	BTCUSDm	PERIOD_M1	-0.1092	0.4727	2.5232	0.1301	0.0756	5.9090	HOMEOSTASIS	0
2026.06.13 03:48	BTCUSDm	PERIOD_M1	-0.1076	0.4731	2.7266	0.1521	0.0828	5.9141	HOMEOSTASIS	0
2026.06.13 03:49	BTCUSDm	PERIOD_M1	-0.1025	0.4744	2.9188	0.1744	0.0898	5.9298	HOMEOSTASIS	0
2026.06.13 03:50	BTCUSDm	PERIOD_M1	-0.1092	0.4727	3.0982	0.1973	0.0965	5.9090	HOMEOSTASIS	0
2026.06.13 03:51	BTCUSDm	PERIOD_M1	-0.0998	0.4751	3.2687	0.2202	0.1031	5.9384	HOMEOSTASIS	0
2026.06.13 03:52	BTCUSDm	PERIOD_M1	-0.1118	0.4721	3.4266	0.2434	0.1095	5.9010	HOMEOSTASIS	0
2026.06.13 03:53	BTCUSDm	PERIOD_M1	-0.1110	0.4723	3.5752	0.2665	0.1156	5.9035	HOMEOSTASIS	0
2026.06.13 03:54	BTCUSDm	PERIOD_M1	-0.1106	0.4724	3.7150	0.2894	0.1216	5.9048	HOMEOSTASIS	0
2026.06.13 03:55	BTCUSDm	PERIOD_M1	-0.1053	0.4737	3.8474	0.3119	0.1274	5.9212	HOMEOSTASIS	0
2026.06.13 03:56	BTCUSDm	PERIOD_M1	-0.1068	0.4733	3.9715	0.3342	0.1331	5.9165	HOMEOSTASIS	0
2026.06.13 03:57	BTCUSDm	PERIOD_M1	-0.0903	0.4774	4.0913	0.3558	0.1386	5.9680	HOMEOSTASIS	0
2026.06.13 03:58	BTCUSDm	PERIOD_M1	-0.1102	0.4725	4.2002	0.3774	0.1439	5.9059	HOMEOSTASIS	0
2026.06.13 03:59	BTCUSDm	PERIOD_M1	-0.1082	0.4730	4.3029	0.3985	0.1491	5.9121	HOMEOSTASIS	0
2026.06.13 04:00	BTCUSDm	PERIOD_M1	-0.0738	0.4816	4.4059	0.4182	0.1542	6.0194	HOMEOSTASIS	0
2026.06.13 04:01	BTCUSDm	PERIOD_M1	-0.1051	0.4738	4.4968	0.4383	0.1591	5.9220	HOMEOSTASIS	0
2026.06.13 04:02	BTCUSDm	PERIOD_M1	-0.0247	0.4938	4.5974	0.4559	0.1642	6.1728	SATURATION	1
2026.06.13 04:03	BTCUSDm	PERIOD_M1	-0.0908	0.4773	4.6795	0.4748	0.1688	5.9663	SATURATION	1
2026.06.13 04:04	BTCUSDm	PERIOD_M1	-0.1057	0.4736	4.7540	0.4935	0.1732	5.9199	SATURATION	1
2026.06.13 04:05	BTCUSDm	PERIOD_M1	-0.1062	0.4735	4.8238	0.5115	0.1775	5.9185	SATURATION	1
2026.06.13 04:06	BTCUSDm	PERIOD_M1	0.0236	0.5059	4.9138	0.5256	0.1823	6.3239	SATURATION	1
2026.06.13 04:07	BTCUSDm	PERIOD_M1	-0.0998	0.4751	4.9753	0.5428	0.1863	5.9384	SATURATION	1
2026.06.13 04:08	BTCUSDm	PERIOD_M1	-0.1118	0.4721	5.0308	0.5596	0.1902	5.9011	SATURATION	1
2026.06.13 04:09	BTCUSDm	PERIOD_M1	-0.1137	0.4716	5.0827	0.5758	0.1939	5.8949	SATURATION	1
2026.06.13 04:10	BTCUSDm	PERIOD_M1	-0.1056	0.4736	5.1329	0.5911	0.1975	5.9203	SATURATION	1
2026.06.13 04:11	BTCUSDm	PERIOD_M1	0.7687	0.6832	5.3374	0.5887	0.2053	8.5404	SATURATION	1
2026.06.13 04:12	BTCUSDm	PERIOD_M1	-0.4226	0.3959	5.3141	0.6171	0.2070	4.9487	SATURATION	1
2026.06.13 04:13	BTCUSDm	PERIOD_M1	-0.1982	0.4506	5.3332	0.6347	0.2098	5.6325	SATURATION	1
2026.06.13 04:14	BTCUSDm	PERIOD_M1	9.9499	1.0000	5.7632	0.6179	0.2235	12.4994	SATURATION	1
2026.06.13 04:15	BTCUSDm	PERIOD_M1	-0.1005	0.4749	5.7735	0.6374	0.2263	5.9362	SATURATION	1
2026.06.13 04:16	BTCUSDm	PERIOD_M1	-0.1005	0.4749	5.7833	0.6554	0.2290	5.9362	SATURATION	1
2026.06.13 04:17	BTCUSDm	PERIOD_M1	-0.1005	0.4749	5.7925	0.6721	0.2317	5.9362	SATURATION	1
2026.06.13 04:18	BTCUSDm	PERIOD_M1	-0.1005	0.4749	5.8011	0.6876	0.2342	5.9362	SATURATION	1
2026.06.13 04:19	BTCUSDm	PERIOD_M1	-0.1005	0.4749	5.8092	0.7019	0.2367	5.9362	SATURATION	1
2026.06.13 04:20	BTCUSDm	PERIOD_M1	-0.1005	0.4749	5.8168	0.7153	0.2391	5.9362	SATURATION	1
2026.06.13 04:21	BTCUSDm	PERIOD_M1	-0.1005	0.4749	5.8240	0.7277	0.2414	5.9362	SATURATION	1
2026.06.13 04:22	BTCUSDm	PERIOD_M1	-0.1005	0.4749	5.8307	0.7392	0.2437	5.9362	SATURATION	1
2026.06.13 04:23	BTCUSDm	PERIOD_M1	-0.1005	0.4749	5.8370	0.7499	0.2459	5.9362	SATURATION	1
2026.06.13 04:24	BTCUSDm	PERIOD_M1	-0.1005	0.4749	5.8430	0.7598	0.2480	5.9362	SATURATION	1
2026.06.13 04:25	BTCUSDm	PERIOD_M1	-0.1005	0.4749	5.8486	0.7690	0.2500	5.9362	SATURATION	1
2026.06.13 04:26	BTCUSDm	PERIOD_M1	-0.1005	0.4749	5.8538	0.7775	0.2520	5.9362	SATURATION	1
2026.06.13 04:27	BTCUSDm	PERIOD_M1	-0.1005	0.4749	5.8588	0.7855	0.2540	5.9362	SATURATION	1
2026.06.13 04:28	BTCUSDm	PERIOD_M1	-0.1005	0.4749	5.8634	0.7929	0.2559	5.9362	SATURATION	1
2026.06.13 04:29	BTCUSDm	PERIOD_M1	-0.1005	0.4749	5.8678	0.7998	0.2577	5.9362	SATURATION	1
2026.06.13 04:30	BTCUSDm	PERIOD_M1	-0.1005	0.4749	5.8719	0.8062	0.2594	5.9362	SATURATION	1
2026.06.13 04:31	BTCUSDm	PERIOD_M1	-0.1005	0.4749	5.8758	0.8121	0.2612	5.9362	SATURATION	1
2026.06.13 04:32	BTCUSDm	PERIOD_M1	-0.1005	0.4749	5.8794	0.8176	0.2628	5.9362	SATURATION	1
2026.06.13 04:33	BTCUSDm	PERIOD_M1	-0.1005	0.4749	5.8828	0.8228	0.2644	5.9362	SATURATION	1
2026.06.13 04:34	BTCUSDm	PERIOD_M1	-0.1005	0.4749	5.8860	0.8276	0.2660	5.9362	SATURATION	1
2026.06.13 04:35	BTCUSDm	PERIOD_M1	-0.1005	0.4749	5.8890	0.8321	0.2675	5.9362	SATURATION	1
2026.06.13 04:36	BTCUSDm	PERIOD_M1	-0.1005	0.4749	5.8918	0.8362	0.2690	5.9362	SATURATION	1
2026.06.13 04:37	BTCUSDm	PERIOD_M1	-0.1005	0.4749	5.8945	0.8401	0.2704	5.9362	SATURATION	1
2026.06.13 04:38	BTCUSDm	PERIOD_M1	-0.1005	0.4749	5.8970	0.8437	0.2718	5.9362	SATURATION	1
2026.06.13 04:39	BTCUSDm	PERIOD_M1	-0.1005	0.4749	5.8993	0.8470	0.2731	5.9362	SATURATION	1
2026.06.13 04:40	BTCUSDm	PERIOD_M1	-0.1005	0.4749	5.9016	0.8502	0.2744	5.9362	SATURATION	1
2026.06.13 04:41	BTCUSDm	PERIOD_M1	-0.1005	0.4749	5.9036	0.8531	0.2757	5.9362	SATURATION	1
2026.06.13 04:42	BTCUSDm	PERIOD_M1	-0.1005	0.4749	5.9056	0.8558	0.2769	5.9362	SATURATION	1
2026.06.13 04:43	BTCUSDm	PERIOD_M1	-0.1005	0.4749	5.9074	0.8584	0.2781	5.9362	SATURATION	1
2026.06.13 04:44	BTCUSDm	PERIOD_M1	-0.1005	0.4749	5.9092	0.8607	0.2793	5.9362	SATURATION	1
2026.06.13 04:45	BTCUSDm	PERIOD_M1	-0.1005	0.4749	5.9108	0.8629	0.2804	5.9362	SATURATION	1
2026.06.13 04:46	BTCUSDm	PERIOD_M1	-0.1005	0.4749	5.9123	0.8650	0.2815	5.9362	SATURATION	1
2026.06.13 04:47	BTCUSDm	PERIOD_M1	-0.1005	0.4749	5.9137	0.8669	0.2825	5.9362	SATURATION	1
2026.06.13 04:48	BTCUSDm	PERIOD_M1	-0.1004	0.4749	5.9151	0.8687	0.2836	5.9367	SATURATION	1
2026.06.13 04:49	BTCUSDm	PERIOD_M1	-0.1005	0.4749	5.9164	0.8704	0.2846	5.9362	SATURATION	1
2026.06.13 04:50	BTCUSDm	PERIOD_M1	-0.1005	0.4749	5.9176	0.8720	0.2855	5.9362	SATURATION	1
2026.06.13 04:51	BTCUSDm	PERIOD_M1	-0.1005	0.4749	5.9187	0.8735	0.2864	5.9362	SATURATION	1
2026.06.13 04:52	BTCUSDm	PERIOD_M1	-0.1005	0.4749	5.9197	0.8749	0.2874	5.9362	SATURATION	1
2026.06.13 04:53	BTCUSDm	PERIOD_M1	-0.1005	0.4749	2.9604	0.6133	0.2882	5.9362	SATURATION	1
2026.06.13 04:54	BTCUSDm	PERIOD_M1	-0.1005	0.4749	1.5695	0.4226	0.2891	5.9362	HOMEOSTASIS	0
2026.06.13 04:55	BTCUSDm	PERIOD_M1	-0.1005	0.4749	1.8315	0.4132	0.2899	5.9362	HOMEOSTASIS	0
2026.06.13 04:56	BTCUSDm	PERIOD_M1	-0.1005	0.4749	2.0777	0.4075	0.2907	5.9362	HOMEOSTASIS	0
2026.06.13 04:57	BTCUSDm	PERIOD_M1	-0.1005	0.4749	2.3092	0.4048	0.2915	5.9362	HOMEOSTASIS	0
2026.06.13 04:58	BTCUSDm	PERIOD_M1	-0.1005	0.4749	2.5269	0.4049	0.2922	5.9362	HOMEOSTASIS	0
2026.06.13 04:59	BTCUSDm	PERIOD_M1	-0.1005	0.4749	2.7314	0.4073	0.2930	5.9362	HOMEOSTASIS	0
2026.06.13 05:00	BTCUSDm	PERIOD_M1	-0.1005	0.4749	2.9237	0.4117	0.2937	5.9362	HOMEOSTASIS	0
2026.06.13 05:01	BTCUSDm	PERIOD_M1	-0.1005	0.4749	3.1045	0.4179	0.2944	5.9362	HOMEOSTASIS	0
2026.06.13 05:02	BTCUSDm	PERIOD_M1	-0.1005	0.4749	3.2744	0.4255	0.2950	5.9362	HOMEOSTASIS	0
2026.06.13 05:03	BTCUSDm	PERIOD_M1	-0.1005	0.4749	3.4341	0.4343	0.2957	5.9362	HOMEOSTASIS	0
2026.06.13 05:04	BTCUSDm	PERIOD_M1	-0.1005	0.4749	3.5842	0.4442	0.2963	5.9362	HOMEOSTASIS	0
2026.06.13 05:05	BTCUSDm	PERIOD_M1	-0.1005	0.4749	3.7253	0.4549	0.2969	5.9362	SATURATION	1
2026.06.13 05:06	BTCUSDm	PERIOD_M1	-0.1005	0.4749	3.8580	0.4663	0.2975	5.9362	SATURATION	1
2026.06.13 05:07	BTCUSDm	PERIOD_M1	-0.1005	0.4749	3.9827	0.4782	0.2981	5.9362	SATURATION	1
2026.06.13 05:08	BTCUSDm	PERIOD_M1	-0.1005	0.4749	4.0999	0.4905	0.2986	5.9362	SATURATION	1
2026.06.13 05:09	BTCUSDm	PERIOD_M1	-0.1005	0.4749	4.2101	0.5030	0.2992	5.9362	SATURATION	1
2026.06.13 05:10	BTCUSDm	PERIOD_M1	-0.1005	0.4749	4.3136	0.5158	0.2997	5.9362	SATURATION	1
2026.06.13 05:11	BTCUSDm	PERIOD_M1	-0.1005	0.4749	4.4110	0.5287	0.3002	5.9362	SATURATION	1
2026.06.13 05:12	BTCUSDm	PERIOD_M1	-0.1005	0.4749	4.5025	0.5416	0.3007	5.9362	SATURATION	1
2026.06.13 05:13	BTCUSDm	PERIOD_M1	-0.1005	0.4749	4.5885	0.5544	0.3012	5.9362	SATURATION	1
2026.06.13 05:14	BTCUSDm	PERIOD_M1	-0.1005	0.4749	4.6694	0.5672	0.3016	5.9362	SATURATION	1
2026.06.13 05:15	BTCUSDm	PERIOD_M1	-0.1005	0.4749	4.7454	0.5798	0.3021	5.9362	SATURATION	1
2026.06.13 05:16	BTCUSDm	PERIOD_M1	-0.1005	0.4749	4.8168	0.5922	0.3025	5.9362	SATURATION	1
2026.06.13 05:17	BTCUSDm	PERIOD_M1	-0.1005	0.4749	4.8840	0.6044	0.3029	5.9362	SATURATION	1
2026.06.13 05:18	BTCUSDm	PERIOD_M1	-0.1005	0.4749	4.9471	0.6164	0.3034	5.9363	SATURATION	1
2026.06.13 05:19	BTCUSDm	PERIOD_M1	-0.1005	0.4749	5.0065	0.6280	0.3037	5.9362	SATURATION	1
2026.06.13 05:20	BTCUSDm	PERIOD_M1	-0.1005	0.4749	5.0623	0.6394	0.3041	5.9362	SATURATION	1
2026.06.13 05:21	BTCUSDm	PERIOD_M1	-0.1005	0.4749	5.1147	0.6505	0.3045	5.9362	SATURATION	1
2026.06.13 05:22	BTCUSDm	PERIOD_M1	-0.1005	0.4749	5.1640	0.6613	0.3049	5.9362	SATURATION	1
2026.06.13 05:23	BTCUSDm	PERIOD_M1	-0.1005	0.4749	5.2103	0.6717	0.3052	5.9362	SATURATION	1
2026.06.13 05:24	BTCUSDm	PERIOD_M1	-0.1005	0.4749	5.2539	0.6819	0.3056	5.9362	SATURATION	1
2026.06.13 05:25	BTCUSDm	PERIOD_M1	-0.1005	0.4749	2.6474	0.4841	0.3059	5.9362	SATURATION	1
2026.06.13 05:26	BTCUSDm	PERIOD_M1	-0.1005	0.4749	1.4224	0.3372	0.3062	5.9362	HOMEOSTASIS	0
2026.06.13 05:27	BTCUSDm	PERIOD_M1	-0.1005	0.4749	1.6932	0.3333	0.3065	5.9362	HOMEOSTASIS	0
2026.06.13 05:28	BTCUSDm	PERIOD_M1	-0.1005	0.4749	1.9478	0.3326	0.3068	5.9362	HOMEOSTASIS	0
2026.06.13 05:29	BTCUSDm	PERIOD_M1	-0.1005	0.4749	2.1871	0.3347	0.3071	5.9362	HOMEOSTASIS	0
2026.06.13 05:30	BTCUSDm	PERIOD_M1	-0.1005	0.4749	2.4120	0.3393	0.3074	5.9362	HOMEOSTASIS	0
2026.06.13 05:31	BTCUSDm	PERIOD_M1	-0.1005	0.4749	2.6235	0.3459	0.3077	5.9362	HOMEOSTASIS	0
2026.06.13 05:32	BTCUSDm	PERIOD_M1	-0.1005	0.4749	2.8222	0.3542	0.3079	5.9362	HOMEOSTASIS	0
2026.06.13 05:33	BTCUSDm	PERIOD_M1	-0.1005	0.4749	3.0091	0.3641	0.3082	5.9362	HOMEOSTASIS	0
2026.06.13 05:34	BTCUSDm	PERIOD_M1	-0.1005	0.4749	3.1847	0.3751	0.3085	5.9362	HOMEOSTASIS	0
2026.06.13 05:35	BTCUSDm	PERIOD_M1	-0.1005	0.4749	3.3498	0.3872	0.3087	5.9362	HOMEOSTASIS	0
2026.06.13 05:36	BTCUSDm	PERIOD_M1	-0.1005	0.4749	3.5050	0.4001	0.3089	5.9362	HOMEOSTASIS	0
2026.06.13 05:37	BTCUSDm	PERIOD_M1	-0.1005	0.4749	3.6508	0.4136	0.3092	5.9362	HOMEOSTASIS	0
2026.06.13 05:38	BTCUSDm	PERIOD_M1	-0.1005	0.4749	3.7880	0.4276	0.3094	5.9362	HOMEOSTASIS	0
2026.06.13 05:39	BTCUSDm	PERIOD_M1	-0.1005	0.4749	3.9169	0.4420	0.3096	5.9362	HOMEOSTASIS	0
2026.06.13 05:40	BTCUSDm	PERIOD_M1	-0.1005	0.4749	2.0190	0.3196	0.3098	5.9362	HOMEOSTASIS	0
2026.06.13 05:41	BTCUSDm	PERIOD_M1	-0.1005	0.4749	2.2540	0.3236	0.3100	5.9362	HOMEOSTASIS	0
2026.06.13 05:42	BTCUSDm	PERIOD_M1	-0.1005	0.4749	2.4750	0.3298	0.3102	5.9362	HOMEOSTASIS	0
2026.06.13 05:43	BTCUSDm	PERIOD_M1	-0.1005	0.4749	2.6826	0.3378	0.3104	5.9362	HOMEOSTASIS	0
2026.06.13 05:44	BTCUSDm	PERIOD_M1	-0.1005	0.4749	2.8779	0.3475	0.3106	5.9362	HOMEOSTASIS	0
2026.06.13 05:45	BTCUSDm	PERIOD_M1	-0.1005	0.4749	3.0614	0.3585	0.3108	5.9362	HOMEOSTASIS	0
2026.06.13 05:46	BTCUSDm	PERIOD_M1	-0.1005	0.4749	3.2338	0.3706	0.3110	5.9362	HOMEOSTASIS	0
2026.06.13 05:47	BTCUSDm	PERIOD_M1	-0.1005	0.4749	3.3960	0.3836	0.3111	5.9362	HOMEOSTASIS	0
2026.06.13 05:48	BTCUSDm	PERIOD_M1	-0.1005	0.4749	3.5484	0.3973	0.3113	5.9362	HOMEOSTASIS	0
2026.06.13 05:49	BTCUSDm	PERIOD_M1	-0.1005	0.4749	3.6917	0.4115	0.3114	5.9362	HOMEOSTASIS	0
2026.06.13 05:50	BTCUSDm	PERIOD_M1	-0.1005	0.4749	3.8263	0.4262	0.3116	5.9362	HOMEOSTASIS	0
2026.06.13 05:51	BTCUSDm	PERIOD_M1	-0.1005	0.4749	3.9529	0.4411	0.3117	5.9362	HOMEOSTASIS	0
2026.06.13 05:52	BTCUSDm	PERIOD_M1	-0.1005	0.4749	4.0719	0.4562	0.3119	5.9362	SATURATION	1
2026.06.13 05:53	BTCUSDm	PERIOD_M1	-0.1005	0.4749	4.1838	0.4714	0.3120	5.9362	SATURATION	1
2026.06.13 05:54	BTCUSDm	PERIOD_M1	-0.1801	0.4551	4.2741	0.4885	0.3118	5.6888	SATURATION	1
2026.06.13 05:55	BTCUSDm	PERIOD_M1	-0.1794	0.4553	4.3591	0.5052	0.3115	5.6909	SATURATION	1
2026.06.13 05:56	BTCUSDm	PERIOD_M1	-0.1764	0.4560	4.4396	0.5215	0.3113	5.7003	SATURATION	1
2026.06.13 05:57	BTCUSDm	PERIOD_M1	-0.0944	0.4764	4.5305	0.5353	0.3115	5.9552	SATURATION	1
2026.06.13 05:58	BTCUSDm	PERIOD_M1	-0.1808	0.4549	4.5999	0.5512	0.3112	5.6866	SATURATION	1
2026.06.13 05:59	BTCUSDm	PERIOD_M1	-0.1692	0.4578	4.6672	0.5663	0.3111	5.7224	SATURATION	1
2026.06.13 06:00	BTCUSDm	PERIOD_M1	-0.1845	0.4540	4.7277	0.5814	0.3108	5.6752	SATURATION	1
2026.06.13 06:01	BTCUSDm	PERIOD_M1	-0.1807	0.4549	4.7852	0.5958	0.3106	5.6868	SATURATION	1
2026.06.13 06:02	BTCUSDm	PERIOD_M1	-0.1818	0.4547	4.8391	0.6097	0.3104	5.6833	SATURATION	1
2026.06.13 06:03	BTCUSDm	PERIOD_M1	-0.0094	0.4976	4.9220	0.6185	0.3110	6.2205	SATURATION	1
2026.06.13 06:04	BTCUSDm	PERIOD_M1	-0.1512	0.4623	4.9734	0.6313	0.3109	5.7783	SATURATION	1
2026.06.13 06:05	BTCUSDm	PERIOD_M1	-0.1175	0.4707	5.0280	0.6426	0.3110	5.8834	SATURATION	1
2026.06.13 06:06	BTCUSDm	PERIOD_M1	-0.0963	0.4759	5.0833	0.6531	0.3112	5.9491	SATURATION	1
2026.06.13 06:07	BTCUSDm	PERIOD_M1	-0.1728	0.4569	5.1210	0.6655	0.3110	5.7115	SATURATION	1
2026.06.13 06:08	BTCUSDm	PERIOD_M1	-0.1805	0.4550	5.1549	0.6776	0.3108	5.6875	SATURATION	1
2026.06.13 06:09	BTCUSDm	PERIOD_M1	-0.1282	0.4680	5.1966	0.6876	0.3108	5.8498	SATURATION	1
2026.06.13 06:10	BTCUSDm	PERIOD_M1	-0.1717	0.4572	5.2277	0.6985	0.3106	5.7147	SATURATION	1
2026.06.13 06:11	BTCUSDm	PERIOD_M1	-0.0408	0.4898	5.2814	0.7050	0.3111	6.1226	SATURATION	1
2026.06.13 06:12	BTCUSDm	PERIOD_M1	-0.0298	0.4926	5.3339	0.7112	0.3116	6.1569	SATURATION	1
2026.06.13 06:13	BTCUSDm	PERIOD_M1	-0.1740	0.4566	5.3564	0.7219	0.3114	5.7077	SATURATION	1
2026.06.13 06:14	BTCUSDm	PERIOD_M1	-0.1566	0.4609	5.3807	0.7314	0.3113	5.7617	SATURATION	1
2026.06.13 06:15	BTCUSDm	PERIOD_M1	-0.1656	0.4587	5.4019	0.7407	0.3111	5.7336	SATURATION	1
2026.06.13 06:16	BTCUSDm	PERIOD_M1	-0.1774	0.4558	5.4196	0.7498	0.3109	5.6970	SATURATION	1
2026.06.13 06:17	BTCUSDm	PERIOD_M1	0.7868	0.6871	5.6098	0.7380	0.3153	8.5892	SATURATION	1
2026.06.13 06:18	BTCUSDm	PERIOD_M1	-0.1797	0.4552	2.8073	0.5249	0.3150	5.6900	SATURATION	1
2026.06.13 06:19	BTCUSDm	PERIOD_M1	-0.1668	0.4584	1.4913	0.3655	0.3147	5.7298	HOMEOSTASIS	0
2026.06.13 06:20	BTCUSDm	PERIOD_M1	-0.1808	0.4549	1.7430	0.3608	0.3143	5.6866	HOMEOSTASIS	0
2026.06.13 06:21	BTCUSDm	PERIOD_M1	-0.1742	0.4566	1.9809	0.3593	0.3140	5.7071	HOMEOSTASIS	0
2026.06.13 06:22	BTCUSDm	PERIOD_M1	0.1981	0.5494	2.2741	0.3569	0.3156	6.8672	HOMEOSTASIS	0
2026.06.13 06:23	BTCUSDm	PERIOD_M1	-0.1805	0.4550	2.4789	0.3618	0.3152	5.6874	HOMEOSTASIS	0
2026.06.13 06:24	BTCUSDm	PERIOD_M1	-0.1819	0.4547	2.6711	0.3686	0.3149	5.6832	HOMEOSTASIS	0
2026.06.13 06:25	BTCUSDm	PERIOD_M1	-0.1838	0.4542	2.8515	0.3770	0.3145	5.6773	HOMEOSTASIS	0
2026.06.13 06:26	BTCUSDm	PERIOD_M1	-0.1802	0.4551	3.0217	0.3867	0.3142	5.6883	HOMEOSTASIS	0
2026.06.13 06:27	BTCUSDm	PERIOD_M1	-0.1779	0.4556	3.1821	0.3976	0.3139	5.6955	HOMEOSTASIS	0
2026.06.13 06:28	BTCUSDm	PERIOD_M1	0.0705	0.5176	3.3794	0.4050	0.3148	6.4701	HOMEOSTASIS	0
2026.06.13 06:29	BTCUSDm	PERIOD_M1	-0.2869	0.4288	3.4982	0.4208	0.3139	5.3595	HOMEOSTASIS	0
2026.06.13 06:30	BTCUSDm	PERIOD_M1	-0.3453	0.4145	3.5992	0.4381	0.3128	5.1816	HOMEOSTASIS	0
2026.06.13 06:31	BTCUSDm	PERIOD_M1	-0.3001	0.4255	3.7024	0.4541	0.3119	5.3191	SATURATION	1
2026.06.13 06:32	BTCUSDm	PERIOD_M1	-0.2900	0.4280	3.8013	0.4699	0.3111	5.3502	SATURATION	1
2026.06.13 06:33	BTCUSDm	PERIOD_M1	-0.2587	0.4357	3.9000	0.4847	0.3105	5.4460	SATURATION	1
2026.06.13 06:34	BTCUSDm	PERIOD_M1	-0.2985	0.4259	3.9854	0.5005	0.3097	5.3241	SATURATION	1
2026.06.13 06:35	BTCUSDm	PERIOD_M1	-0.3112	0.4228	4.0634	0.5165	0.3089	5.2854	SATURATION	1
2026.06.13 06:36	BTCUSDm	PERIOD_M1	-0.2755	0.4316	4.1433	0.5311	0.3082	5.3946	SATURATION	1
2026.06.13 06:37	BTCUSDm	PERIOD_M1	-0.1793	0.4553	4.2362	0.5429	0.3081	5.6913	SATURATION	1
2026.06.13 06:38	BTCUSDm	PERIOD_M1	-0.1562	0.4610	4.3278	0.5542	0.3081	5.7629	SATURATION	1
2026.06.13 06:39	BTCUSDm	PERIOD_M1	-0.1469	0.4633	4.4156	0.5654	0.3081	5.7917	SATURATION	1
2026.06.13 06:40	BTCUSDm	PERIOD_M1	-0.1858	0.4537	4.4909	0.5777	0.3079	5.6712	SATURATION	1
2026.06.13 06:41	BTCUSDm	PERIOD_M1	-0.3523	0.4128	4.5311	0.5949	0.3070	5.1604	SATURATION	1
2026.06.13 06:42	BTCUSDm	PERIOD_M1	-0.3263	0.4191	4.5736	0.6104	0.3061	5.2393	SATURATION	1
2026.06.13 06:43	BTCUSDm	PERIOD_M1	-0.2490	0.4381	4.6277	0.6227	0.3057	5.4760	SATURATION	1
2026.06.13 06:44	BTCUSDm	PERIOD_M1	-0.1416	0.4647	4.6986	0.6315	0.3058	5.8082	SATURATION	1
2026.06.13 06:45	BTCUSDm	PERIOD_M1	-0.3037	0.4247	4.7351	0.6453	0.3051	5.3081	SATURATION	1
2026.06.13 06:46	BTCUSDm	PERIOD_M1	-0.3339	0.4173	4.7640	0.6595	0.3043	5.2161	SATURATION	1
2026.06.13 06:47	BTCUSDm	PERIOD_M1	-0.3017	0.4251	4.7970	0.6717	0.3037	5.3141	SATURATION	1
2026.06.13 06:48	BTCUSDm	PERIOD_M1	-0.3148	0.4219	4.8256	0.6838	0.3030	5.2743	SATURATION	1
2026.06.13 06:49	BTCUSDm	PERIOD_M1	-0.3033	0.4247	2.4273	0.4865	0.3024	5.3093	SATURATION	1
2026.06.13 06:50	BTCUSDm	PERIOD_M1	-0.2689	0.4332	1.3033	0.3387	0.3020	5.4149	HOMEOSTASIS	0
2026.06.13 06:51	BTCUSDm	PERIOD_M1	-0.2882	0.4284	1.5464	0.3349	0.3015	5.3554	HOMEOSTASIS	0
2026.06.13 06:52	BTCUSDm	PERIOD_M1	-0.3006	0.4254	1.7727	0.3344	0.3010	5.3177	HOMEOSTASIS	0
2026.06.13 06:53	BTCUSDm	PERIOD_M1	0.5429	0.6325	2.1407	0.3297	0.3046	7.9062	HOMEOSTASIS	0
2026.06.13 06:54	BTCUSDm	PERIOD_M1	-0.0477	0.4881	2.3783	0.3335	0.3052	6.1008	HOMEOSTASIS	0
2026.06.13 06:55	BTCUSDm	PERIOD_M1	-0.1175	0.4707	2.5886	0.3404	0.3055	5.8832	HOMEOSTASIS	0
2026.06.13 06:56	BTCUSDm	PERIOD_M1	-0.3091	0.4233	2.7508	0.3522	0.3048	5.2918	HOMEOSTASIS	0
2026.06.13 06:57	BTCUSDm	PERIOD_M1	-0.1438	0.4641	2.9338	0.3620	0.3049	5.8014	HOMEOSTASIS	0
2026.06.13 06:58	BTCUSDm	PERIOD_M1	-0.3376	0.4164	3.0701	0.3768	0.3041	5.2049	HOMEOSTASIS	0
2026.06.13 06:59	BTCUSDm	PERIOD_M1	-0.3416	0.4154	3.1975	0.3922	0.3033	5.1926	HOMEOSTASIS	0
2026.06.13 07:00	BTCUSDm	PERIOD_M1	0.0224	0.5056	3.3848	0.4009	0.3043	6.3199	HOMEOSTASIS	0
2026.06.13 07:01	BTCUSDm	PERIOD_M1	-0.3797	0.4062	3.4864	0.4192	0.3033	5.0774	HOMEOSTASIS	0
2026.06.13 07:02	BTCUSDm	PERIOD_M1	-0.2347	0.4416	3.6084	0.4337	0.3030	5.5199	HOMEOSTASIS	0
2026.06.13 07:03	BTCUSDm	PERIOD_M1	-0.1769	0.4559	3.7338	0.4472	0.3031	5.6987	HOMEOSTASIS	0
2026.06.13 07:04	BTCUSDm	PERIOD_M1	0.2287	0.5569	3.9275	0.4534	0.3051	6.9616	SATURATION	1
2026.06.13 07:05	BTCUSDm	PERIOD_M1	-0.1971	0.4509	2.0150	0.3286	0.3050	5.6361	HOMEOSTASIS	0
2026.06.13 07:06	BTCUSDm	PERIOD_M1	3.8737	0.9796	2.6288	0.3207	0.3154	12.2455	HOMEOSTASIS	0
2026.06.13 07:07	BTCUSDm	PERIOD_M1	-0.2881	0.4285	2.7924	0.3343	0.3145	5.3558	HOMEOSTASIS	0
2026.06.13 07:08	BTCUSDm	PERIOD_M1	-0.2955	0.4266	2.9449	0.3489	0.3136	5.3331	HOMEOSTASIS	0
2026.06.13 07:09	BTCUSDm	PERIOD_M1	-0.3708	0.4083	3.0744	0.3656	0.3124	5.1043	HOMEOSTASIS	0
2026.06.13 07:10	BTCUSDm	PERIOD_M1	-0.3718	0.4081	3.1961	0.3827	0.3112	5.1013	HOMEOSTASIS	0
2026.06.13 07:11	BTCUSDm	PERIOD_M1	-0.3887	0.4040	3.3073	0.4004	0.3099	5.0502	HOMEOSTASIS	0
2026.06.13 07:12	BTCUSDm	PERIOD_M1	-0.3578	0.4115	3.4175	0.4172	0.3089	5.1436	HOMEOSTASIS	0
2026.06.13 07:13	BTCUSDm	PERIOD_M1	0.5140	0.6257	3.6817	0.4196	0.3121	7.8219	HOMEOSTASIS	0
2026.06.13 07:14	BTCUSDm	PERIOD_M1	-0.3819	0.4057	3.7651	0.4402	0.3109	5.0707	HOMEOSTASIS	0
2026.06.13 07:15	BTCUSDm	PERIOD_M1	-0.3360	0.4168	3.8518	0.4590	0.3099	5.2096	SATURATION	1
2026.06.13 07:16	BTCUSDm	PERIOD_M1	-0.3811	0.4059	3.9250	0.4786	0.3087	5.0732	SATURATION	1
2026.06.13 07:17	BTCUSDm	PERIOD_M1	-0.3588	0.4113	3.9980	0.4969	0.3076	5.1407	SATURATION	1
2026.06.13 07:18	BTCUSDm	PERIOD_M1	-0.2988	0.4259	4.0775	0.5129	0.3069	5.3231	SATURATION	1
2026.06.13 07:19	BTCUSDm	PERIOD_M1	-0.1386	0.4654	4.1819	0.5244	0.3070	5.8175	SATURATION	1
2026.06.13 07:20	BTCUSDm	PERIOD_M1	-0.3938	0.4028	4.2331	0.5433	0.3059	5.0350	SATURATION	1
2026.06.13 07:21	BTCUSDm	PERIOD_M1	-0.2657	0.4340	4.3046	0.5575	0.3054	5.4245	SATURATION	1
2026.06.13 07:22	BTCUSDm	PERIOD_M1	-0.3520	0.4129	4.3560	0.5739	0.3045	5.1613	SATURATION	1
2026.06.13 07:23	BTCUSDm	PERIOD_M1	0.1458	0.5364	4.4969	0.5773	0.3061	6.7048	SATURATION	1
2026.06.13 07:24	BTCUSDm	PERIOD_M1	0.7543	0.6801	4.7372	0.5727	0.3105	8.5015	SATURATION	1
2026.06.13 07:25	BTCUSDm	PERIOD_M1	-0.3103	0.4230	4.7702	0.5920	0.3096	5.2880	SATURATION	1
2026.06.13 07:26	BTCUSDm	PERIOD_M1	-0.3194	0.4208	4.7996	0.6104	0.3088	5.2604	SATURATION	1
2026.06.13 07:27	BTCUSDm	PERIOD_M1	-0.2673	0.4336	4.8368	0.6259	0.3082	5.4197	SATURATION	1
2026.06.13 07:28	BTCUSDm	PERIOD_M1	0.3995	0.5986	4.9956	0.6250	0.3109	7.4820	SATURATION	1
2026.06.13 07:29	BTCUSDm	PERIOD_M1	-0.3209	0.4204	5.0112	0.6435	0.3100	5.2556	SATURATION	1
2026.06.13 07:30	BTCUSDm	PERIOD_M1	-0.1443	0.4640	5.0585	0.6551	0.3100	5.7997	SATURATION	1
2026.06.13 07:31	BTCUSDm	PERIOD_M1	-0.3293	0.4184	5.0688	0.6723	0.3090	5.2301	SATURATION	1
2026.06.13 07:32	BTCUSDm	PERIOD_M1	-0.2868	0.4288	5.0862	0.6867	0.3083	5.3597	SATURATION	1
2026.06.13 07:33	BTCUSDm	PERIOD_M1	-0.3269	0.4190	5.0953	0.7016	0.3075	5.2375	SATURATION	1
2026.06.13 07:34	BTCUSDm	PERIOD_M1	-0.3691	0.4088	5.0961	0.7170	0.3064	5.1094	SATURATION	1
2026.06.13 07:35	BTCUSDm	PERIOD_M1	-0.2779	0.4310	5.1136	0.7279	0.3058	5.3871	SATURATION	1
2026.06.13 07:36	BTCUSDm	PERIOD_M1	-0.3738	0.4076	5.1125	0.7415	0.3048	5.0951	SATURATION	1
2026.06.13 07:37	BTCUSDm	PERIOD_M1	-0.1077	0.4731	5.1606	0.7452	0.3051	5.9139	SATURATION	1
2026.06.13 07:38	BTCUSDm	PERIOD_M1	-0.2352	0.4415	5.1820	0.7531	0.3048	5.5183	SATURATION	1
2026.06.13 07:39	BTCUSDm	PERIOD_M1	-0.1709	0.4574	5.2142	0.7585	0.3048	5.7174	SATURATION	1
2026.06.13 07:40	BTCUSDm	PERIOD_M1	1.4694	0.8130	5.5110	0.7385	0.3119	10.1620	SATURATION	1
2026.06.13 07:41	BTCUSDm	PERIOD_M1	1.5176	0.8202	5.7955	0.7216	0.3190	10.2523	SATURATION	1
2026.06.13 07:42	BTCUSDm	PERIOD_M1	-0.1188	0.4703	5.8005	0.7348	0.3188	5.8792	SATURATION	1
2026.06.13 07:43	BTCUSDm	PERIOD_M1	-0.2728	0.4322	5.7767	0.7526	0.3179	5.4028	SATURATION	1
2026.06.13 07:44	BTCUSDm	PERIOD_M1	-0.0314	0.4921	5.7992	0.7603	0.3182	6.1518	SATURATION	1
2026.06.13 07:45	BTCUSDm	PERIOD_M1	-0.3712	0.4082	5.7574	0.7800	0.3168	5.1031	SATURATION	1
2026.06.13 07:46	BTCUSDm	PERIOD_M1	0.5124	0.6254	5.8810	0.7726	0.3198	7.8171	SATURATION	1
2026.06.13 07:47	BTCUSDm	PERIOD_M1	-0.3899	0.4037	5.8309	0.7931	0.3183	5.0467	SATURATION	1
2026.06.13 07:48	BTCUSDm	PERIOD_M1	-0.2713	0.4326	5.8055	0.8065	0.3174	5.4072	SATURATION	1
2026.06.13 07:49	BTCUSDm	PERIOD_M1	2.8465	0.9451	6.1660	0.7814	0.3268	11.8142	SATURATION	1
2026.06.13 07:50	BTCUSDm	PERIOD_M1	-0.3713	0.4082	6.1022	0.8041	0.3251	5.1029	SATURATION	1
2026.06.13 07:51	BTCUSDm	PERIOD_M1	-0.3907	0.4035	6.0388	0.8251	0.3235	5.0444	SATURATION	1
2026.06.13 07:52	BTCUSDm	PERIOD_M1	-0.3163	0.4216	5.9926	0.8403	0.3222	5.2696	SATURATION	1
2026.06.13 07:53	BTCUSDm	PERIOD_M1	-0.1414	0.4647	5.9816	0.8469	0.3218	5.8087	SATURATION	1
2026.06.13 07:54	BTCUSDm	PERIOD_M1	-0.3560	0.4119	5.9317	0.8613	0.3204	5.1493	SATURATION	1
2026.06.13 07:55	BTCUSDm	PERIOD_M1	-0.2630	0.4346	5.9017	0.8701	0.3195	5.4329	SATURATION	1
2026.06.13 07:56	BTCUSDm	PERIOD_M1	-0.2192	0.4454	5.8817	0.8762	0.3188	5.5679	SATURATION	1
2026.06.13 07:57	BTCUSDm	PERIOD_M1	-0.2855	0.4291	5.8506	0.8841	0.3178	5.3637	SATURATION	1
2026.06.13 07:58	BTCUSDm	PERIOD_M1	-0.2709	0.4327	5.8241	0.8904	0.3169	5.4085	SATURATION	1
2026.06.13 07:59	BTCUSDm	PERIOD_M1	0.2509	0.5624	5.8964	0.8800	0.3187	7.0299	SATURATION	1
2026.06.13 08:00	BTCUSDm	PERIOD_M1	-0.4875	0.3805	5.8280	0.8967	0.3167	4.7559	SATURATION	1
2026.06.13 08:01	BTCUSDm	PERIOD_M1	-0.2961	0.4265	5.7982	0.9027	0.3158	5.3315	SATURATION	1
2026.06.13 08:02	BTCUSDm	PERIOD_M1	-0.3550	0.4122	5.7594	0.9103	0.3145	5.1520	SATURATION	1
2026.06.13 08:03	BTCUSDm	PERIOD_M1	-0.0258	0.4935	5.7840	0.9050	0.3150	6.1693	SATURATION	1
2026.06.13 08:04	BTCUSDm	PERIOD_M1	2.1948	0.8998	6.1118	0.8734	0.3235	11.2473	SATURATION	1
2026.06.13 08:05	BTCUSDm	PERIOD_M1	-0.3973	0.4020	6.0466	0.8893	0.3218	5.0246	SATURATION	1
2026.06.13 08:06	BTCUSDm	PERIOD_M1	-0.3822	0.4056	5.9880	0.9023	0.3203	5.0699	SATURATION	1
2026.06.13 08:07	BTCUSDm	PERIOD_M1	0.0386	0.5096	6.0110	0.8981	0.3209	6.3706	SATURATION	1
2026.06.13 08:08	BTCUSDm	PERIOD_M1	-0.3219	0.4202	5.9654	0.9073	0.3197	5.2526	SATURATION	1
2026.06.13 08:09	BTCUSDm	PERIOD_M1	4.5503	0.9895	6.3497	0.8736	0.3299	12.3693	SATURATION	1
2026.06.13 08:10	BTCUSDm	PERIOD_M1	-0.4406	0.3916	6.2624	0.8946	0.3278	4.8949	SATURATION	1
2026.06.13 08:11	BTCUSDm	PERIOD_M1	-0.2934	0.4272	6.2070	0.9060	0.3265	5.3396	SATURATION	1
2026.06.13 08:12	BTCUSDm	PERIOD_M1	-0.4795	0.3824	6.1214	0.9245	0.3244	4.7798	SATURATION	1
2026.06.13 08:13	BTCUSDm	PERIOD_M1	-0.4097	0.3990	6.0533	0.9370	0.3226	4.9873	SATURATION	1
2026.06.13 08:14	BTCUSDm	PERIOD_M1	-0.4399	0.3918	5.9840	0.9490	0.3208	4.8971	SATURATION	1
2026.06.13 08:15	BTCUSDm	PERIOD_M1	-0.4001	0.4013	5.9259	0.9572	0.3192	5.0161	SATURATION	1
2026.06.13 08:16	BTCUSDm	PERIOD_M1	-0.3343	0.4172	5.8832	0.9612	0.3179	5.2148	SATURATION	1
2026.06.13 08:17	BTCUSDm	PERIOD_M1	-0.1872	0.4533	5.8702	0.9585	0.3175	5.6666	SATURATION	1
2026.06.13 08:18	BTCUSDm	PERIOD_M1	-0.0292	0.4927	5.8875	0.9506	0.3178	6.1588	SATURATION	1
2026.06.13 08:19	BTCUSDm	PERIOD_M1	-0.2827	0.4298	5.8566	0.9525	0.3169	5.3723	SATURATION	1
2026.06.13 08:20	BTCUSDm	PERIOD_M1	-0.3642	0.4099	5.8127	0.9572	0.3156	5.1242	SATURATION	1
2026.06.13 08:21	BTCUSDm	PERIOD_M1	-0.4540	0.3884	5.7552	0.9650	0.3139	4.8550	SATURATION	1
2026.06.13 08:22	BTCUSDm	PERIOD_M1	0.7024	0.6687	5.9114	0.9397	0.3178	8.3589	SATURATION	1
2026.06.13 08:23	BTCUSDm	PERIOD_M1	-0.3169	0.4214	5.8728	0.9442	0.3167	5.2678	SATURATION	1
2026.06.13 08:24	BTCUSDm	PERIOD_M1	-0.2133	0.4469	5.8556	0.9437	0.3161	5.5859	SATURATION	1
2026.06.13 08:25	BTCUSDm	PERIOD_M1	-0.4341	0.3931	5.7991	0.9522	0.3145	4.9143	SATURATION	1
2026.06.13 08:26	BTCUSDm	PERIOD_M1	-0.4774	0.3829	5.7383	0.9613	0.3127	4.7857	SATURATION	1
2026.06.13 08:27	BTCUSDm	PERIOD_M1	-0.2830	0.4297	5.7163	0.9605	0.3120	5.3715	SATURATION	1
2026.06.13 08:28	BTCUSDm	PERIOD_M1	-0.4461	0.3903	5.6661	0.9664	0.3104	4.8785	SATURATION	1
2026.06.13 08:29	BTCUSDm	PERIOD_M1	0.4370	0.6075	5.7817	0.9446	0.3132	7.5942	SATURATION	1
2026.06.13 08:30	BTCUSDm	PERIOD_M1	-0.4156	0.3976	5.7330	0.9512	0.3118	4.9695	SATURATION	1
2026.06.13 08:31	BTCUSDm	PERIOD_M1	-0.4805	0.3821	5.6756	0.9596	0.3101	4.7767	SATURATION	1
2026.06.13 08:32	BTCUSDm	PERIOD_M1	0.2293	0.5571	5.7529	0.9428	0.3119	6.9635	SATURATION	1
2026.06.13 08:33	BTCUSDm	PERIOD_M1	-0.4090	0.3992	5.7071	0.9489	0.3105	4.9894	SATURATION	1
2026.06.13 08:34	BTCUSDm	PERIOD_M1	-0.2048	0.4490	5.7014	0.9458	0.3102	5.6121	SATURATION	1
2026.06.13 08:35	BTCUSDm	PERIOD_M1	-0.3991	0.4015	5.6605	0.9505	0.3089	5.0190	SATURATION	1
2026.06.13 08:36	BTCUSDm	PERIOD_M1	-0.4822	0.3817	5.6071	0.9581	0.3073	4.7718	SATURATION	1
2026.06.13 08:37	BTCUSDm	PERIOD_M1	-0.4336	0.3933	5.5657	0.9621	0.3059	4.9158	SATURATION	1
2026.06.13 08:38	BTCUSDm	PERIOD_M1	-0.4230	0.3958	5.5286	0.9647	0.3047	4.9474	SATURATION	1
2026.06.13 08:39	BTCUSDm	PERIOD_M1	-0.4501	0.3893	5.4888	0.9679	0.3033	4.8667	SATURATION	1
2026.06.13 08:40	BTCUSDm	PERIOD_M1	-0.4219	0.3961	5.4566	0.9690	0.3022	4.9508	SATURATION	1
2026.06.13 08:41	BTCUSDm	PERIOD_M1	0.6198	0.6502	5.6168	0.9422	0.3061	8.1272	SATURATION	1
2026.06.13 08:42	BTCUSDm	PERIOD_M1	-0.4310	0.3939	5.5752	0.9475	0.3048	4.9236	SATURATION	1
2026.06.13 08:43	BTCUSDm	PERIOD_M1	-0.3691	0.4088	5.5473	0.9491	0.3038	5.1095	SATURATION	1
2026.06.13 08:44	BTCUSDm	PERIOD_M1	-0.1869	0.4534	5.5545	0.9435	0.3038	5.6678	SATURATION	1
2026.06.13 08:45	BTCUSDm	PERIOD_M1	-0.2795	0.4306	5.5442	0.9417	0.3033	5.3821	SATURATION	1
2026.06.13 08:46	BTCUSDm	PERIOD_M1	-0.4622	0.3865	5.5014	0.9474	0.3019	4.8307	SATURATION	1
2026.06.13 08:47	BTCUSDm	PERIOD_M1	0.1176	0.5294	5.5683	0.9325	0.3034	6.6169	SATURATION	1
2026.06.13 08:48	BTCUSDm	PERIOD_M1	-0.4396	0.3918	5.5281	0.9383	0.3022	4.8978	SATURATION	1
2026.06.13 08:49	BTCUSDm	PERIOD_M1	-0.4214	0.3962	5.4935	0.9422	0.3010	4.9523	SATURATION	1
2026.06.13 08:50	BTCUSDm	PERIOD_M1	-0.2420	0.4398	5.4937	0.9384	0.3008	5.4973	SATURATION	1
2026.06.13 08:51	BTCUSDm	PERIOD_M1	0.1100	0.5275	5.5597	0.9243	0.3023	6.5935	SATURATION	1
2026.06.13 08:52	BTCUSDm	PERIOD_M1	-0.2599	0.4354	5.5527	0.9234	0.3020	5.4423	SATURATION	1
2026.06.13 08:53	BTCUSDm	PERIOD_M1	-0.4099	0.3989	5.5187	0.9284	0.3009	4.9867	SATURATION	1
2026.06.13 08:54	BTCUSDm	PERIOD_M1	-0.3811	0.4059	5.4920	0.9313	0.3000	5.0734	SATURATION	1
2026.06.13 08:55	BTCUSDm	PERIOD_M1	-0.0125	0.4969	5.5351	0.9210	0.3009	6.2110	SATURATION	1
2026.06.13 08:56	BTCUSDm	PERIOD_M1	-0.2273	0.4434	5.5356	0.9189	0.3007	5.5429	SATURATION	1
2026.06.13 08:57	BTCUSDm	PERIOD_M1	-0.2535	0.4370	5.5312	0.9178	0.3005	5.4621	SATURATION	1
2026.06.13 08:58	BTCUSDm	PERIOD_M1	0.4834	0.6186	5.6632	0.8978	0.3038	7.7319	SATURATION	1
2026.06.13 08:59	BTCUSDm	PERIOD_M1	0.0823	0.5206	5.7139	0.8894	0.3051	6.5071	SATURATION	1
2026.06.13 09:00	BTCUSDm	PERIOD_M1	-0.3678	0.4091	5.6778	0.8974	0.3041	5.1135	SATURATION	1
2026.06.13 09:01	BTCUSDm	PERIOD_M1	-0.4587	0.3873	5.6276	0.9083	0.3028	4.8413	SATURATION	1
2026.06.13 09:02	BTCUSDm	PERIOD_M1	-0.4319	0.3937	5.5852	0.9164	0.3016	4.9209	SATURATION	1
2026.06.13 09:03	BTCUSDm	PERIOD_M1	0.8962	0.7102	5.7828	0.8911	0.3067	8.8770	SATURATION	1
2026.06.13 09:04	BTCUSDm	PERIOD_M1	-0.4070	0.3996	5.7355	0.9015	0.3055	4.9954	SATURATION	1
2026.06.13 09:05	BTCUSDm	PERIOD_M1	-0.3805	0.4060	5.6959	0.9094	0.3045	5.0752	SATURATION	1
2026.06.13 09:06	BTCUSDm	PERIOD_M1	-0.4053	0.4000	5.6542	0.9171	0.3033	5.0005	SATURATION	1
2026.06.13 09:07	BTCUSDm	PERIOD_M1	0.6483	0.6566	5.8074	0.8956	0.3074	8.2079	SATURATION	1
2026.06.13 09:08	BTCUSDm	PERIOD_M1	-0.3744	0.4075	5.7646	0.9046	0.3063	5.0935	SATURATION	1
2026.06.13 09:09	BTCUSDm	PERIOD_M1	-0.1597	0.4602	5.7638	0.9040	0.3063	5.7519	SATURATION	1
2026.06.13 09:10	BTCUSDm	PERIOD_M1	-0.2798	0.4305	2.8704	0.6355	0.3057	5.3812	SATURATION	1
2026.06.13 09:11	BTCUSDm	PERIOD_M1	0.0802	0.5200	1.5441	0.4345	0.3070	6.5004	HOMEOSTASIS	0
2026.06.13 09:12	BTCUSDm	PERIOD_M1	-0.3702	0.4085	1.7578	0.4268	0.3059	5.1060	HOMEOSTASIS	0
2026.06.13 09:13	BTCUSDm	PERIOD_M1	-0.2897	0.4281	1.9734	0.4214	0.3053	5.3508	HOMEOSTASIS	0
2026.06.13 09:14	BTCUSDm	PERIOD_M1	1.5937	0.8311	2.4783	0.4077	0.3128	10.3891	HOMEOSTASIS	0
2026.06.13 09:15	BTCUSDm	PERIOD_M1	-0.3936	0.4028	2.6318	0.4143	0.3114	5.0356	HOMEOSTASIS	0
2026.06.13 09:16	BTCUSDm	PERIOD_M1	-0.2565	0.4362	2.8010	0.4198	0.3108	5.4528	HOMEOSTASIS	0
2026.06.13 09:17	BTCUSDm	PERIOD_M1	-0.2117	0.4473	2.9684	0.4261	0.3104	5.5910	HOMEOSTASIS	0
2026.06.13 09:18	BTCUSDm	PERIOD_M1	-0.4920	0.3794	3.0749	0.4398	0.3087	4.7428	HOMEOSTASIS	0
2026.06.13 09:19	BTCUSDm	PERIOD_M1	1.5995	0.8320	3.5144	0.4314	0.3161	10.3994	HOMEOSTASIS	0
2026.06.13 09:20	BTCUSDm	PERIOD_M1	-0.4727	0.3840	1.7957	0.3161	0.3143	4.7998	HOMEOSTASIS	0
2026.06.13 09:21	BTCUSDm	PERIOD_M1	-0.4642	0.3860	1.9775	0.3224	0.3126	4.8248	HOMEOSTASIS	0
2026.06.13 09:22	BTCUSDm	PERIOD_M1	-0.0994	0.4752	2.2152	0.3257	0.3127	5.9395	HOMEOSTASIS	0
2026.06.13 09:23	BTCUSDm	PERIOD_M1	1.5074	0.8187	2.6963	0.3214	0.3197	10.2335	HOMEOSTASIS	0
2026.06.13 09:24	BTCUSDm	PERIOD_M1	-0.4421	0.3912	2.8280	0.3388	0.3179	4.8906	HOMEOSTASIS	0
2026.06.13 09:25	BTCUSDm	PERIOD_M1	-0.4489	0.3896	2.9505	0.3567	0.3162	4.8702	HOMEOSTASIS	0
2026.06.13 09:26	BTCUSDm	PERIOD_M1	-0.4727	0.3840	3.0614	0.3753	0.3144	4.7996	HOMEOSTASIS	0
2026.06.13 09:27	BTCUSDm	PERIOD_M1	-0.3758	0.4071	3.1831	0.3916	0.3131	5.0893	HOMEOSTASIS	0
2026.06.13 09:28	BTCUSDm	PERIOD_M1	-0.2657	0.4340	3.3176	0.4056	0.3124	5.4245	HOMEOSTASIS	0
2026.06.13 09:29	BTCUSDm	PERIOD_M1	-0.3186	0.4210	3.4343	0.4213	0.3114	5.2626	HOMEOSTASIS	0
2026.06.13 09:30	BTCUSDm	PERIOD_M1	-0.4366	0.3925	3.5226	0.4401	0.3099	4.9067	HOMEOSTASIS	0
2026.06.13 09:31	BTCUSDm	PERIOD_M1	-0.4319	0.3937	3.6065	0.4584	0.3085	4.9209	SATURATION	1
2026.06.13 09:32	BTCUSDm	PERIOD_M1	0.4396	0.6082	3.8463	0.4599	0.3114	7.6021	SATURATION	1
2026.06.13 09:33	BTCUSDm	PERIOD_M1	-0.1667	0.4584	1.9797	0.3317	0.3112	5.7302	HOMEOSTASIS	0
2026.06.13 09:34	BTCUSDm	PERIOD_M1	1.4483	0.8097	2.4682	0.3255	0.3181	10.1216	HOMEOSTASIS	0
2026.06.13 09:35	BTCUSDm	PERIOD_M1	-0.5446	0.3671	2.5954	0.3417	0.3159	4.5891	HOMEOSTASIS	0
2026.06.13 09:36	BTCUSDm	PERIOD_M1	-0.2916	0.4276	2.7604	0.3533	0.3150	5.3452	HOMEOSTASIS	0
2026.06.13 09:37	BTCUSDm	PERIOD_M1	-0.4888	0.3802	2.8799	0.3700	0.3131	4.7522	HOMEOSTASIS	0
2026.06.13 09:38	BTCUSDm	PERIOD_M1	-0.2178	0.4458	3.0414	0.3813	0.3127	5.5719	HOMEOSTASIS	0
2026.06.13 09:39	BTCUSDm	PERIOD_M1	5.3367	0.9952	3.6054	0.3744	0.3232	12.4401	HOMEOSTASIS	0
2026.06.13 09:40	BTCUSDm	PERIOD_M1	0.6873	0.6654	3.8881	0.3801	0.3268	8.3171	HOMEOSTASIS	0
2026.06.13 09:41	BTCUSDm	PERIOD_M1	-0.4738	0.3837	3.9426	0.4095	0.3247	4.7965	HOMEOSTASIS	0
2026.06.13 09:42	BTCUSDm	PERIOD_M1	-0.1605	0.4600	4.0510	0.4285	0.3241	5.7496	HOMEOSTASIS	0
2026.06.13 09:43	BTCUSDm	PERIOD_M1	-0.1915	0.4523	4.1471	0.4480	0.3234	5.6534	HOMEOSTASIS	0
2026.06.13 09:44	BTCUSDm	PERIOD_M1	0.1603	0.5400	2.1517	0.3216	0.3245	6.7500	HOMEOSTASIS	0
2026.06.13 09:45	BTCUSDm	PERIOD_M1	-0.4088	0.3992	2.3220	0.3314	0.3228	4.9900	HOMEOSTASIS	0
2026.06.13 09:46	BTCUSDm	PERIOD_M1	-0.4252	0.3953	2.4791	0.3428	0.3210	4.9410	HOMEOSTASIS	0
2026.06.13 09:47	BTCUSDm	PERIOD_M1	0.1228	0.5307	2.7284	0.3472	0.3220	6.6333	HOMEOSTASIS	0
2026.06.13 09:48	BTCUSDm	PERIOD_M1	-0.4147	0.3978	2.8630	0.3625	0.3203	4.9723	HOMEOSTASIS	0
2026.06.13 09:49	BTCUSDm	PERIOD_M1	5.4721	0.9958	3.4381	0.3562	0.3306	12.4477	HOMEOSTASIS	0
2026.06.13 09:50	BTCUSDm	PERIOD_M1	0.5438	0.6327	3.7063	0.3636	0.3333	7.9088	HOMEOSTASIS	0
2026.06.13 09:51	BTCUSDm	PERIOD_M1	-0.4117	0.3985	3.7828	0.3901	0.3313	4.9814	HOMEOSTASIS	0
2026.06.13 09:52	BTCUSDm	PERIOD_M1	0.8004	0.6901	4.0734	0.3950	0.3352	8.6257	HOMEOSTASIS	0
2026.06.13 09:53	BTCUSDm	PERIOD_M1	0.9035	0.7117	4.3627	0.4009	0.3393	8.8959	HOMEOSTASIS	0
2026.06.13 09:54	BTCUSDm	PERIOD_M1	1.2006	0.7686	4.6775	0.4060	0.3445	9.6080	HOMEOSTASIS	0
2026.06.13 09:55	BTCUSDm	PERIOD_M1	-0.4580	0.3875	4.6874	0.4435	0.3419	4.8432	ACCUMULATION	0
2026.06.13 09:56	BTCUSDm	PERIOD_M1	1.2242	0.7728	4.9858	0.4472	0.3471	9.6600	HOMEOSTASIS	0
2026.06.13 09:57	BTCUSDm	PERIOD_M1	-0.4010	0.4011	4.9874	0.4832	0.3448	5.0135	SATURATION	1
2026.06.13 09:58	BTCUSDm	PERIOD_M1	-0.5631	0.3628	4.9603	0.5231	0.3417	4.5354	SATURATION	1
2026.06.13 09:59	BTCUSDm	PERIOD_M1	-0.4465	0.3902	4.9553	0.5544	0.3392	4.8774	SATURATION	1
2026.06.13 10:00	BTCUSDm	PERIOD_M1	-0.0384	0.4904	5.0258	0.5698	0.3389	6.1300	SATURATION	1
2026.06.13 10:01	BTCUSDm	PERIOD_M1	-0.0788	0.4803	5.0845	0.5859	0.3383	6.0039	SATURATION	1
2026.06.13 10:02	BTCUSDm	PERIOD_M1	-0.3327	0.4176	5.0926	0.6094	0.3365	5.2197	SATURATION	1
2026.06.13 10:03	BTCUSDm	PERIOD_M1	-0.0316	0.4921	5.1561	0.6217	0.3362	6.1512	SATURATION	1
2026.06.13 10:04	BTCUSDm	PERIOD_M1	-0.3023	0.4250	5.1655	0.6421	0.3347	5.3123	SATURATION	1
2026.06.13 10:05	BTCUSDm	PERIOD_M1	-0.4448	0.3906	5.1485	0.6664	0.3324	4.8825	SATURATION	1
2026.06.13 10:06	BTCUSDm	PERIOD_M1	-0.4671	0.3853	5.1286	0.6895	0.3302	4.8163	SATURATION	1
2026.06.13 10:07	BTCUSDm	PERIOD_M1	0.5156	0.6261	2.6452	0.4790	0.3328	7.8264	SATURATION	1
2026.06.13 10:08	BTCUSDm	PERIOD_M1	-0.3507	0.4132	1.3982	0.3370	0.3311	5.1651	HOMEOSTASIS	0
2026.06.13 10:09	BTCUSDm	PERIOD_M1	-0.5175	0.3734	1.5944	0.3372	0.3286	4.6678	HOMEOSTASIS	0
2026.06.13 10:10	BTCUSDm	PERIOD_M1	-0.5377	0.3687	1.7753	0.3404	0.3261	4.6091	HOMEOSTASIS	0
2026.06.13 10:11	BTCUSDm	PERIOD_M1	-0.2131	0.4469	2.0040	0.3414	0.3253	5.5867	HOMEOSTASIS	0
2026.06.13 10:12	BTCUSDm	PERIOD_M1	-0.5241	0.3719	2.1626	0.3496	0.3229	4.6486	HOMEOSTASIS	0
2026.06.13 10:13	BTCUSDm	PERIOD_M1	1.0635	0.7434	2.5904	0.3445	0.3281	9.2920	HOMEOSTASIS	0
2026.06.13 10:14	BTCUSDm	PERIOD_M1	-0.4337	0.3932	2.7299	0.3587	0.3261	4.9156	HOMEOSTASIS	0
2026.06.13 10:15	BTCUSDm	PERIOD_M1	-0.4556	0.3880	2.8571	0.3739	0.3241	4.8504	HOMEOSTASIS	0
2026.06.13 10:16	BTCUSDm	PERIOD_M1	-0.3550	0.4122	2.9948	0.3874	0.3226	5.1522	HOMEOSTASIS	0
2026.06.13 10:17	BTCUSDm	PERIOD_M1	-0.2636	0.4345	3.1410	0.3996	0.3217	5.4309	HOMEOSTASIS	0
2026.06.13 10:18	BTCUSDm	PERIOD_M1	0.2157	0.5537	3.3678	0.4046	0.3231	6.9216	HOMEOSTASIS	0
2026.06.13 10:19	BTCUSDm	PERIOD_M1	-0.5725	0.3607	3.4363	0.4279	0.3206	4.5083	HOMEOSTASIS	0
2026.06.13 10:20	BTCUSDm	PERIOD_M1	-0.5555	0.3646	3.5035	0.4498	0.3183	4.5574	HOMEOSTASIS	0
2026.06.13 10:21	BTCUSDm	PERIOD_M1	-0.4806	0.3821	1.7900	0.3280	0.3164	4.7764	HOMEOSTASIS	0
2026.06.13 10:22	BTCUSDm	PERIOD_M1	-0.0903	0.4774	2.0406	0.3288	0.3164	5.9681	HOMEOSTASIS	0
2026.06.13 10:23	BTCUSDm	PERIOD_M1	3.5306	0.9715	2.6469	0.3212	0.3264	12.1443	HOMEOSTASIS	0
2026.06.13 10:24	BTCUSDm	PERIOD_M1	-0.5753	0.3600	2.7581	0.3411	0.3238	4.5003	HOMEOSTASIS	0
2026.06.13 10:25	BTCUSDm	PERIOD_M1	2.2863	0.9077	3.2734	0.3374	0.3322	11.3466	HOMEOSTASIS	0
2026.06.13 10:26	BTCUSDm	PERIOD_M1	-0.3928	0.4031	3.3793	0.3600	0.3303	5.0382	HOMEOSTASIS	0
2026.06.13 10:27	BTCUSDm	PERIOD_M1	-0.2763	0.4314	3.5000	0.3793	0.3290	5.3920	HOMEOSTASIS	0
2026.06.13 10:28	BTCUSDm	PERIOD_M1	-0.4154	0.3976	3.5882	0.4019	0.3271	4.9702	HOMEOSTASIS	0
2026.06.13 10:29	BTCUSDm	PERIOD_M1	-0.3950	0.4025	3.6748	0.4234	0.3253	5.0315	HOMEOSTASIS	0
2026.06.13 10:30	BTCUSDm	PERIOD_M1	-0.1710	0.4573	3.7974	0.4386	0.3247	5.7168	HOMEOSTASIS	0
2026.06.13 10:31	BTCUSDm	PERIOD_M1	-0.5235	0.3720	1.9243	0.3245	0.3224	4.6504	HOMEOSTASIS	0
2026.06.13 10:32	BTCUSDm	PERIOD_M1	-0.4056	0.4000	2.1088	0.3311	0.3208	4.9997	HOMEOSTASIS	0
2026.06.13 10:33	BTCUSDm	PERIOD_M1	-0.4728	0.3840	2.2702	0.3406	0.3188	4.7995	HOMEOSTASIS	0
2026.06.13 10:34	BTCUSDm	PERIOD_M1	-0.4800	0.3823	2.4207	0.3516	0.3169	4.7782	HOMEOSTASIS	0
2026.06.13 10:35	BTCUSDm	PERIOD_M1	-0.4046	0.4002	2.5756	0.3623	0.3154	5.0025	HOMEOSTASIS	0
2026.06.13 10:36	BTCUSDm	PERIOD_M1	-0.4581	0.3874	2.7117	0.3751	0.3137	4.8431	HOMEOSTASIS	0
2026.06.13 10:37	BTCUSDm	PERIOD_M1	-0.4531	0.3886	2.8404	0.3886	0.3120	4.8577	HOMEOSTASIS	0
2026.06.13 10:38	BTCUSDm	PERIOD_M1	-0.4288	0.3944	2.9658	0.4022	0.3106	4.9302	HOMEOSTASIS	0
2026.06.13 10:39	BTCUSDm	PERIOD_M1	1.3862	0.8000	3.3879	0.3968	0.3173	9.9999	HOMEOSTASIS	0
2026.06.13 10:40	BTCUSDm	PERIOD_M1	-0.5124	0.3746	3.4656	0.4192	0.3152	4.6828	HOMEOSTASIS	0
2026.06.13 10:41	BTCUSDm	PERIOD_M1	-0.5890	0.3569	3.5253	0.4431	0.3129	4.4608	HOMEOSTASIS	0
2026.06.13 10:42	BTCUSDm	PERIOD_M1	-0.4819	0.3818	3.6001	0.4627	0.3112	4.7724	SATURATION	1
2026.06.13 10:43	BTCUSDm	PERIOD_M1	-0.1998	0.4502	3.7218	0.4744	0.3108	5.6278	SATURATION	1
2026.06.13 10:44	BTCUSDm	PERIOD_M1	-0.5090	0.3754	3.7800	0.4949	0.3090	4.6928	SATURATION	1
2026.06.13 10:45	BTCUSDm	PERIOD_M1	-0.1489	0.4628	3.9004	0.5049	0.3090	5.7854	SATURATION	1
2026.06.13 10:46	BTCUSDm	PERIOD_M1	-0.5599	0.3636	3.9390	0.5271	0.3070	4.5447	SATURATION	1
2026.06.13 10:47	BTCUSDm	PERIOD_M1	-0.3356	0.4169	4.0153	0.5410	0.3061	5.2110	SATURATION	1
2026.06.13 10:48	BTCUSDm	PERIOD_M1	-0.4379	0.3922	4.0686	0.5578	0.3048	4.9031	SATURATION	1
2026.06.13 10:49	BTCUSDm	PERIOD_M1	0.7067	0.6697	4.3267	0.5521	0.3090	8.3709	SATURATION	1
2026.06.13 10:50	BTCUSDm	PERIOD_M1	9.8629	0.9999	4.8171	0.5379	0.3198	12.4993	SATURATION	1
2026.06.13 10:51	BTCUSDm	PERIOD_M1	0.5434	0.6326	5.0025	0.5418	0.3228	7.9076	SATURATION	1
2026.06.13 10:52	BTCUSDm	PERIOD_M1	-0.0767	0.4808	5.0630	0.5596	0.3228	6.0103	SATURATION	1
2026.06.13 10:53	BTCUSDm	PERIOD_M1	-0.1418	0.4646	5.1077	0.5785	0.3224	5.8076	SATURATION	1
2026.06.13 10:54	BTCUSDm	PERIOD_M1	-0.1680	0.4581	5.1448	0.5972	0.3219	5.7263	SATURATION	1
2026.06.13 10:55	BTCUSDm	PERIOD_M1	-0.1630	0.4593	5.1806	0.6146	0.3214	5.7417	SATURATION	1
2026.06.13 10:56	BTCUSDm	PERIOD_M1	-0.1413	0.4647	5.2183	0.6304	0.3210	5.8092	SATURATION	1
2026.06.13 10:57	BTCUSDm	PERIOD_M1	-0.1299	0.4676	5.2559	0.6449	0.3208	5.8445	SATURATION	1
2026.06.13 10:58	BTCUSDm	PERIOD_M1	-0.1719	0.4571	5.2834	0.6601	0.3203	5.7142	SATURATION	1
2026.06.13 10:59	BTCUSDm	PERIOD_M1	-0.1232	0.4692	5.3183	0.6728	0.3201	5.8656	SATURATION	1
2026.06.13 11:00	BTCUSDm	PERIOD_M1	-0.1297	0.4676	5.3499	0.6850	0.3198	5.8452	SATURATION	1
2026.06.13 11:01	BTCUSDm	PERIOD_M1	-0.1790	0.4554	5.3705	0.6982	0.3193	5.6923	SATURATION	1
2026.06.13 11:02	BTCUSDm	PERIOD_M1	-0.1724	0.4570	5.3910	0.7103	0.3189	5.7126	SATURATION	1
2026.06.13 11:03	BTCUSDm	PERIOD_M1	-0.1631	0.4593	5.4120	0.7214	0.3185	5.7416	SATURATION	1
2026.06.13 11:04	BTCUSDm	PERIOD_M1	-0.1356	0.4662	5.4369	0.7310	0.3183	5.8269	SATURATION	1
2026.06.13 11:05	BTCUSDm	PERIOD_M1	-0.1461	0.4636	5.4584	0.7404	0.3180	5.7944	SATURATION	1
2026.06.13 11:06	BTCUSDm	PERIOD_M1	-0.1342	0.4665	5.4808	0.7489	0.3178	5.8313	SATURATION	1
2026.06.13 11:07	BTCUSDm	PERIOD_M1	-0.1726	0.4570	5.4946	0.7582	0.3174	5.7119	SATURATION	1
2026.06.13 11:08	BTCUSDm	PERIOD_M1	-0.1694	0.4577	5.5083	0.7668	0.3170	5.7218	SATURATION	1
2026.06.13 11:09	BTCUSDm	PERIOD_M1	0.4040	0.5996	5.6275	0.7603	0.3195	7.4955	SATURATION	1
